INSERT INTO COMPANY (COMPANYID, COMPANYNUMBER, CUSTOMERNR, BEGINCHAR, `NAME`, NAME2, PHONE, FAX, EMAIL, EMPLOYEE, QUALIFICATION, CATEGORY, COOPERATION, ISLOCK, WEB, TAXNUMBER, DESCRIPTION, CREATEDFROM, CREATEDDATE, CHANGEDFROM, CHANGEDDATE, ISACTUAL) VALUES
(1, 1, 'ACV13244', 'B2B', 'EBI Neutrino R1 Open Source CRM ERP', 'Software Solution', '+49 8474 8493983', '+49 8474 8493983', 'info@ebineutrino.org', '200', 'A', 'B2B Customer', 'Partner', b'0', 'www.ebineutrino.org', 'VAT392839389', 'EBI Neutrino R1 the open source crm erp framework', 'root', '2010-10-31', NULL, NULL, b'1');

INSERT INTO COMPANYACTIVITIES (ACTIVITYID, COMPANYID, ACTIVITYNAME, ACTIVITYTYPE, ACTIVITYSTATUS, DUEDATE, DURATION, ACOLOR, ACTIVITYCLOSEDATE, ACTIVITYISCLOSED, ACTIVITYDESCRIPTION, ISLOCK, CREATEDFROM, CREATEDDATE, CHANGEDFROM, CHANGEDDATE) VALUES
(1, 1, 'Schreibe EMail', 'EMail', 'Offen', '2010-10-01 12:00:00', 30, '204,0,0', NULL, NULL, 'Write email to a customer', NULL, 'root', '2010-10-31', NULL, NULL),
(2, 1, 'Telefon Meeting', 'Meeting', 'Offen', '2010-10-17 12:00:00', 20, '51,153,255', NULL, NULL, '', NULL, 'root', '2010-10-31', NULL, NULL),
(3, 1, 'Schreibe Brief', 'Brief', 'Offen', '2010-10-13 12:00:00', 33, '5,125,255', NULL, NULL, 'write letter', NULL, 'root', '2010-10-31', NULL, NULL),
(4, 1, 'Fax senden', 'Fax', 'Offen', '2010-10-31 12:00:00', 20, '102,255,102', NULL, NULL, 'send a fax', NULL, 'root', '2010-10-31', NULL, NULL);


INSERT INTO COMPANYACTIVITYSTATUS (ID, `NAME`) VALUES
(1, 'Offen'),
(2, 'Geschlossen');

INSERT INTO COMPANYACTIVITYTYPE (ID, `NAME`) VALUES
(1, 'EMail'),
(2, 'Fax'),
(3, 'Brief'),
(4, 'Meeting'),
(5, 'Telefon');

INSERT INTO COMPANYADDRESS (ADDRESSID, COMPANYID, ADDRESSTYPE, STREET, ZIP, LOCATION, PBOX, COUNTRY, CREATEDFROM, CREATEDDATE, CHANGEDFROM, CHANGEDDATE) VALUES
(1, 1, 'Business', 'Newstreet', '3839898', 'New City', '9023983', 'NewCountry', 'root', '2010-10-31', NULL, NULL);

INSERT INTO COMPANYBANK (BANKID, COMPANYID, BANKNAME, BANKBSB, BANKACCOUNT, BANKBIC, BANKIBAN, BANKCOUNTRY, CREATEDFROM, CREATEDDATE, CHANGEDFROM, CHANGEDDATE) VALUES
(1, 1, 'New Bank', '98398398', '90389398', 'BIC09309309', 'IBAN034890309', 'New Country', 'root', '2010-10-31', NULL, NULL);

INSERT INTO COMPANYCATEGORY (ID, `NAME`) VALUES
(1, 'B2B Customer'),
(2, 'B2C Customer');

INSERT INTO COMPANYCLASSIFICATION (ID, `NAME`) VALUES
(1, 'A'),
(2, 'B'),
(3, 'C');


INSERT INTO COMPANYCONTACTS (CONTACTID, COMPANYID, MAINCONTACT, GENDER, TITLE, SURNAME, `NAME`, MITTELNAME, POSITION, BIRDDATE, PHONE, FAX, MOBILE, EMAIL, DESCRIPTION, CREATEDFROM, CREATEDDATE, CHANGEDFROM, CHANGEDDATE) VALUES
(1, 1, b'1', 'Mr', 'Prof.', 'Newone', 'James', '', 'CEO', '1960-01-29', '+49 8474 8493983', '+49 8474 8493983', '+49 8474 8493983', 'info@ebineutrino.org', 'CEO of company', 'root', '2010-10-31', NULL, NULL);

INSERT INTO COMPANYCONTACTADDRESS (ADDRESSID, CONTACTID, ADDRESSTYPE, STREET, ZIP, LOCATION, COUNTRY, PBOX, CREATEDFROM, CREATEDDATE, CHANGEDFROM, CHANGEDDATE) VALUES
(1, 1, 'Business', 'Newstreet', '3839898', 'New City', 'NewCountry', '9023983', 'root', '2010-10-31', NULL, NULL);

INSERT INTO COMPANYCOOPERATION (ID, `NAME`) VALUES
(1, 'Partner'),
(2, 'Verkäufer'),
(3, 'WiederVerkäufer'),
(4, 'Hersteller');

INSERT INTO COMPANYMEETINGPROTOCOL (MEETINGPROTOCOLID, COMPANYID, MEETINGSUBJECT, MEETINGTYPE, PROTOCOL, METINGDATE, CREATEDFROM, CREATEDDATE, CHANGEDFROM, CHANGEDDATE) VALUES
(1, 1, 'Meeting über service', 'Meeting A', 'A meeting is a gathering of two or more people that has been convened for the purpose of achieving a common goal through verbal interaction, such as sharing information or reaching agreement. [2] Meetings may occur face to face or virtually, as mediated by communications technology, such as a telephone conference call, a skyped conference call or a videoconference.\n\nThus, a meeting may be distinguished from other gatherings, such as a chance encounter (not convened), a sports game or a concert (verbal interaction is incidental), a party or the company of friends (no common goal is to be achieved) and a demonstration (whose common goal is achieved mainly through the number of demonstrators present, not verbal interaction).', '2010-10-31', 'root', '2010-10-31', NULL, NULL),
(2, 1, 'New Meeting', 'Meeting B', 'A meeting is a gathering of two or more people that has been convened for the purpose of achieving a common goal through verbal interaction, such as sharing information or reaching agreement. [2] Meetings may occur face to face or virtually, as mediated by communications technology, such as a telephone conference call, a skyped conference call or a videoconference.\n\nThus, a meeting may be distinguished from other gatherings, such as a chance encounter (not convened), a sports game or a concert (verbal interaction is incidental), a party or the company of friends (no common goal is to be achieved) and a demonstration (whose common goal is achieved mainly through the number of demonstrators present, not verbal interaction).', '2010-10-31', 'root', '2010-10-31', NULL, NULL),
(3, 1, 'Meeting 2', 'Meeting C', 'Beginning with the early experimental work of the Gestaltists in Germany (e.g. Duncker, 1935 [2]), and continuing through the 1960s and early 1970s, research on problem solving typically conducted relatively simple, laboratory tasks (e.g. Duncker''s "X-ray" problem; Ewert & Lambert''s 1932 "disk" problem, later known as Tower of Hanoi) that appeared novel to participants (e.g. Mayer, 1992 [3]). Various reasons account for the choice of simple novel tasks: they had clearly defined optimal solutions, they were solvable within a relatively short time frame, researchers could trace participants'' problem-solving steps, and so on. The researchers made the underlying assumption, of course, that simple tasks such as the Tower of Hanoi captured the main properties of "real world" problems, and that the cognitive processes underlying participants'' attempts to solve simple problems were representative of the processes engaged in when solving "real world" problems. Thus researchers used simple problems for reasons of convenience, and thought generalizations to more complex problems would become possible. Perhaps the best-known and most impressive example of this line of research remains the work by Allen Newell and Herbert Simon [4].\n\n', NULL, 'root', '2010-10-31', NULL, NULL),
(4, 1, 'Meeting A', 'Meeting A', 'Meeting A', '2010-10-06', 'root', '2010-10-31', NULL, NULL),
(5, 1, 'Meeting B', 'Meeting B', 'Meeting B', NULL, 'root', '2010-10-31', NULL, NULL),
(6, 1, 'Meeting C', 'Meeting C', 'Meeting C', '2010-10-14', 'root', '2010-10-31', NULL, NULL);

INSERT INTO COMPANYMEETINGTYPE (ID, `NAME`) VALUES
(1, 'Meeting A'),
(2, 'Meeting B'),
(3, 'Meeting C');

INSERT INTO COMPANYNUMBER (ID, CATEGORYID, CATEGORY, BEGINCHAR, NUMBERFROM, NUMBERTO) VALUES
(1, 1, 'B2B Customer', 'B2B', 1, 200);

INSERT INTO COMPANYOFFER (OFFERID, COMPANYID, OPPORTUNITYID, OFFERNR, `NAME`, `STATUS`, OFFERVERSION, OFFERDATE, VALIDTO, ISRECIEVED, DESCRIPTION, CREATEDFROM, CREATEDDATE, CHANGEDFROM, CHANGEDDATE) VALUES
(1, 1, 1, 'OFR239384', 'Warscheinlichkeit ABC23494', 'Offen', NULL, '2010-10-01', '2010-10-31', b'0', 'Opportunity ABC23494', 'root', '2010-10-31', NULL, NULL),
(2, 1, NULL, '234324', 'Warscheinlichkeit ABD8383', 'Akzeptiert', NULL, '2010-10-07', '2010-10-07', b'0', 'test Opportunity', 'root', '2010-10-31', NULL, NULL);


INSERT INTO COMPANYOFFERPOSITIONS (POSITIONID, OFFERID, PRODUCTID, PRODUCTNR, DEDUCTION, PRODUCTNAME, QUANTITY, NETAMOUNT, PRETAX, TAXTYPE, `TYPE`, CATEGORY, DESCRIPTION, CREATEDFROM, CREATEDDATE, CHANGEDDATE, CHANGEDFROM) VALUES
(1, 1, NULL, 'FRT238383', '', 'Apfel', 500, 2, 1.5, 'IVA', 'Apple', 'Fruit', 'Mala di qualitá', 'root', '2010-10-31', NULL, NULL),
(2, 2, NULL, 'FRT238383', '', 'Apfel', 1, 2, 1.5, 'IVA', 'Apple', 'Fruit', 'Mala di qualitá', 'root', '2010-10-31', NULL, NULL);

INSERT INTO COMPANYOFFERRECEIVER (RECEIVERID, OFFERID, CNUM, RECEIVERVIA, GENDER, SURNAME, MITTELNAME, POSITION, EMAIL, PHONE, FAX, STREET, ZIP, LOCATION, PBOX, COUNTRY, CREATEDFROM, CREATEDDATE, `NAME`) VALUES
(1, 1, 1, 'EMail', 'Mr', 'Newone', NULL, 'CEO', 'info@ebineutrino.org', '+49 8474 8493983', '+49 8474 8493983', 'Newstreet', '3839898', 'New City', '9023983', 'NewCountry', 'root', '2010-10-31', 'James'),
(2, 2, 0, 'EMail', 'Mr', 'Newone', NULL, 'CEO', 'info@ebineutrino.org', '+49 8474 8493983', '+49 8474 8493983', 'Newstreet', '3839898', 'New City', '9023983', 'NewCountry', 'root', '2010-10-31', 'James');

INSERT INTO COMPANYOFFERSTATUS (ID, `NAME`) VALUES
(1, 'Offen'),
(2, 'Geschlossen'),
(3, 'Verworfen'),
(4, 'Akzeptiert'),
(5, 'Unbekannt');

INSERT INTO COMPANYOPPORTUNITY (OPPORTUNITYID, COMPANYID, `NAME`, SALESTAGE, PROBABILITY, OPPORTUNITYVALUE, ISCLOSE, CLOSEDATE, BUSINESSTYPE, EVALUATIONSTATUS, EVALUETIONDATE, BUDGETSTATUS, BUDGETDATE, SALESTAGEDATE, OPPORTUNITYSTATUS, OPPORTUNITYSTATUSDATE, DESCRIPTION, CREATEDFROM, CREATEDDATE, CHANGEDFROM, CHANGEDDATE) VALUES
(1, 1, 'Opportunity ABC23494', 'Akzeptiert', '50%', 22, b'0', NULL, 'Hardware', 'In bearbeitung', '2010-10-31', 'Akzeptiert', '2010-10-31', '2010-10-31', 'Akzeptiert', '2010-10-31', 'Opportunity ABC23494', 'root', '2010-10-31', NULL, NULL),
(2, 1, 'test opportunity', 'Akzeptiert', '10%', 324324, b'0', NULL, 'Hardware', 'Akzeptiert', '2010-10-31', 'Akzeptiert', '2010-10-31', '2010-10-31', 'Akzeptiert', '2010-10-31', '', 'root', '2010-10-31', NULL, NULL);

INSERT INTO COMPANYOPPORTUNITYBGSTATUS (ID, `NAME`) VALUES
(1, 'In Bearbeitung'),
(2, 'Unbekannt'),
(3, 'Akzeptiert');

INSERT INTO COMPANYOPPORTUNITYBUSTYP (ID, `NAME`) VALUES
(1, 'Software'),
(2, 'Hardware'),
(3, 'Mechanik'),
(4, 'Service');

INSERT INTO COMPANYOPPORTUNITYCONTACT (OPPORTUNITYCONTACTID, OPPORTUNITYID, POS, GENDER, SURNAME, `NAME`, MITTELNAME, POSITION, BIRDDATE, PHONE, FAX, MOBILE, EMAIL, DESCRIPTION, CREATEDFROM, CREATEDDATE, CHANGEDFROM, CHANGEDDATE) VALUES
(1, 1, NULL, 'Mr', 'Newone', 'James', NULL, 'CEO', '1960-01-29', '+49 8474 8493983', '+49 8474 8493983', '+49 8474 8493983', 'info@ebineutrino.org', 'CEO of company', 'root', '2010-10-31', NULL, NULL),
(2, 2, NULL, 'Mr', 'Newone', 'James', NULL, 'CEO', '1960-01-29', '+49 8474 8493983', '+49 8474 8493983', '+49 8474 8493983', 'info@ebineutrino.org', 'CEO of company', 'root', '2010-10-31', NULL, NULL);

INSERT INTO COMPANYOPPORTUNITYEVSTATUS (ID, `NAME`) VALUES
(1, 'In Bearbeitung'),
(2, 'Akzeptiert'),
(3, 'Start'),
(4, 'Ende'),
(5, 'Unbekannt');

INSERT INTO COMPANYOPPORTUNITYSSTAGE (ID, `NAME`) VALUES
(1, 'Akzeptiert'),
(2, 'Verworfen'),
(3, 'In Bearbeitung'),
(4, 'Geschlossen');

INSERT INTO COMPANYOPPORTUNITYSTATUS (ID, `NAME`) VALUES
(1, 'Offen'),
(2, 'Geschlossen'),
(3, 'Erfolgreich');


INSERT INTO COMPANYORDER (ORDERID, COMPANYID, ORDERNR, OFFERID, `NAME`, INVOICECREATED, `STATUS`, ORDERVERSION, OFFERDATE, VALIDTO, ISRECIEVED, DESCRIPTION, CREATEDFROM, CREATEDDATE, CHANGEDFROM, CHANGEDDATE) VALUES
(1, 1, 'ORD239384', 1, 'Bestellung ABC23494', NULL, 'Offen', NULL, '2010-10-01', '2010-10-31', b'0', 'Warscheinlichkeit ABC23494', 'root', '2010-10-31', 'root', '2010-10-31'),
(2, 1, '234324', 2, 'Bestellung ABD83838', NULL, 'Akzeptiert', NULL, '2010-10-19', '2010-10-27', b'0', 'Warscheinlichkeit', 'root', '2010-10-31', NULL, NULL);


INSERT INTO COMPANYORDERPOSITIONS (POSITIONID, ORDERID, PRODUCTID, DEDUCTION, PRODUCTNR, PRODUCTNAME, QUANTITY, NETAMOUNT, PRETAX, TAXTYPE, `TYPE`, CATEGORY, DESCRIPTION, CREATEDFROM, CREATEDDATE, CHANGEDDATE, CHANGEDFROM) VALUES
(1, 1, NULL, '', 'FRT238383', 'Apfel', 500, 2, 1.5, 'IVA', 'Apple', 'Fruit', 'Qualität Apfel', NULL, NULL, NULL, NULL),
(4, 2, NULL, '', 'FRT238383', 'Apfel', 1, 2, 1.5, 'IVA', 'Apple', 'Fruit', 'Qualität Apfel', 'root', '2010-10-31', NULL, NULL);

INSERT INTO COMPANYORDERRECEIVER (RECEIVERID, ORDERID, CNUM, RECEIVERVIA, GENDER, SURNAME, `NAME`, MITTELNAME, POSITION, EMAIL, PHONE, FAX, STREET, ZIP, LOCATION, PBOX, COUNTRY, CREATEDFROM, CREATEDDATE, CHANGEDFROM, CHANGEDDATE) VALUES
(1, 1, NULL, 'EMail', 'Mr', 'Newone', 'James', NULL, 'CEO', 'info@ebineutrino.org', NULL, '+49 8474 8493983', 'Newstreet', '3839898', 'New City', '9023983', 'NewCountry', NULL, NULL, NULL, NULL),
(3, 2, 0, 'EMail', 'Mr', 'Newone', 'James', NULL, 'CEO', 'info@ebineutrino.org', '+49 8474 8493983', '+49 8474 8493983', 'Newstreet', '3839898', 'New City', '9023983', 'NewCountry', 'root', '2010-10-31', NULL, NULL);

INSERT INTO COMPANYORDERSTATUS (ID, `NAME`) VALUES
(1, 'Offen'),
(2, 'Geschlossen'),
(3, 'Akzeptiert'),
(4, 'Verworfen'),
(5, 'Unbekannt');

INSERT INTO COMPANYPRODUCTCATEGORY (ID, `NAME`) VALUES
(1, 'Hardware'),
(2, 'Software'),
(3, 'Mechanik'),
(4, 'Service'),
(5, 'Fruit');

INSERT INTO COMPANYPRODUCTTAX (ID, `NAME`, TAXVALUE, CREATEDDATE, CREATEDFROM, CHANGEDDATE, CHANGEDFROM) VALUES
(1, 'MwSt', 19, '2010-10-30', 'root', NULL, NULL);

INSERT INTO COMPANYPRODUCTTAXVALUE (ID, `NAME`) VALUES
(1, 'MwSt');

INSERT INTO COMPANYPRODUCTTYPE (ID, `NAME`) VALUES
(1, 'Mainbord'),
(2, 'Motor'),
(3, 'Bremse'),
(4, 'Windows'),
(5, 'Linux'),
(6, 'Support'),
(7, 'Apfel'),
(8, 'Tomaten');

INSERT INTO COMPANYSERVICE (SERVICEID, COMPANYID, SERVICENR, `NAME`, CATEGORY, `TYPE`, `STATUS`, DESCRIPTION, CREATEDFROM, CREATEDDATE, CHANGEDFROM, CHANGEDDATE) VALUES
(1, 1, 'ORD239384', 'Bestellung ABC23494', 'Fruit', 'Apple', 'Open', 'Angebot ABC23494', 'root', '2010-10-31', NULL, NULL),
(2, 1, '234324ddd', 'Bestellung x', 'Fruit', 'Apple', 'Offen', 'Angebot', 'root', '2010-10-31', NULL, NULL);

INSERT INTO COMPANYSERVICECATEGORY (ID, `NAME`) VALUES
(1, 'Fruit'),
(2, 'Hardware'),
(3, 'Software'),
(4, 'Mechanik');


INSERT INTO COMPANYSERVICEPOSITIONS (POSITIONID, SERVICEID, PRODUCTID, DEDUCTION, PRODUCTNR, PRODUCTNAME, QUANTITY, NETAMOUNT, PRETAX, TAXTYPE, `TYPE`, CATEGORY, DESCRIPTION, CREATEDFROM, CREATEDDATE, CHANGEDDATE, CHANGEDFROM) VALUES
(1, 1, NULL, '', 'FRT238383', 'Apfel', 500, 2, 1.5, 'IVA', 'Apfel', 'Fruit', 'Qualität Apfel', NULL, NULL, NULL, NULL),
(3, 2, NULL, '', 'FRT238383', 'Apfel', 1, 2, 1.5, 'IVA', 'Apfel', 'Fruit', 'Qualität Apfel', 'root', '2010-10-31', NULL, NULL);

INSERT INTO COMPANYSERVICEPSOL (PROSOLID, SERVICEID, SOLUTIONNR, `NAME`, CLASSIFICATION, CATEGORY, `TYPE`, `STATUS`, DESCRIPTION, CREATEDFROM, CREATEDDATE, CHANGEDFROM, CHANGEDDATE) VALUES
(1, 1, 'PRO938494', 'Fruit', 'Please select', 'Fruit', 'Friut Service', 'Open', 'Problem solving is a mental process and is part of the larger problem process that includes problem finding and problem shaping. \nConsidered the most complex of all intellectual functions, problem solving has been defined as higher-order cognitive process that requires the modulation and \ncontrol of more routine or fundamental skills.[1] Problem solving occurs when an organism or an artificial intelligence system needs to move from a given state to a desired goal state.', 'root', '2010-10-31', NULL, NULL),
(3, 2, 'PRO938494', 'Fruit', 'Please select', 'Fruit', 'Friut Service', 'Open', 'Problem solving is a mental process and is part of the larger problem process that includes problem finding and problem shaping. \nConsidered the most complex of all intellectual functions, problem solving has been defined as higher-order cognitive process that requires the modulation and \ncontrol of more routine or fundamental skills.[1] Problem solving occurs when an organism or an artificial intelligence system needs to move from a given state to a desired goal state.', 'root', '2010-10-31', NULL, NULL);

INSERT INTO COMPANYSERVICESTATUS (ID, `NAME`) VALUES
(1, 'Offen'),
(2, 'Geschlossen'),
(3, 'Verworfen');

INSERT INTO COMPANYSERVICETYPE (ID, `NAME`) VALUES
(1, 'Apple'),
(2, 'Software bug'),
(3, 'Hardware bug'),
(4, 'Mechanics problem');

INSERT INTO CRMADDRESSTYPE (ID, `NAME`) VALUES
(1, 'Home'),
(2, 'Lieferadresse'),
(3, 'Business'),
(4, 'Privat');

INSERT INTO CRMINVOICE (INVOICEID, ASSOSIATION, INVOICENR, BEGINCHAR, `NAME`, `STATUS`, CATEGORY, `DATE`, TAXTYPE, GENDER, POSITION, COMPANYNAME, CONTACTNAME, CONTACTSURNAME, CONTACTSTREET, CONTACTZIP, CONTACTLOCATION, CONTACTPOSTCODE, CONTACTCOUNTRY, CONTACTTELEPHONE, CONTACTFAX, CONTACTEMAIL, CONTACTWEB, CONTACTDESCRIPTION, CREATEDDATE, CREATEDFROM, CHANGEDDATE, CHANGEDFROM) VALUES
(1, 'Order: 1', 3000, 'FRT', 'Invoice ABC23494', 'Open', 'Fruit', '2010-10-31', 'IVA', 'Mr', 'CEO', 'EBI Neutrino R1 Open Source CRM ERP', 'James', 'Newone', 'Newstreet', '3839898', 'New City', '9023983', 'NewCountry', '', '+49 8474 8493983', 'info@ebineutrino.org', 'www.ebineutrino.org', 'Some description', '2010-10-31', 'root', NULL, NULL),
(2, 'Service: 2', 3001, 'FRT', 'Rechnung', 'Open', 'Fruit', '2010-10-31', 'Please select', 'Mr', 'CEO', 'EBI Neutrino R1 Open Source CRM ERP', 'James', 'Newone', 'Newstreet', '3839898', 'New City', '9023983', 'NewCountry', '+49 8474 8493983', '+49 8474 8493983', 'info@ebineutrino.org', 'www.ebineutrino.org', 'CEO of company', '2010-10-31', 'root', NULL, NULL);

INSERT INTO CRMINVOICECATEGORY (ID, `NAME`) VALUES
(1, 'Hardware'),
(2, 'Software'),
(3, 'Mechanik'),
(4, 'Fruit'),
(5, 'Service'),
(6, 'Cash');

INSERT INTO CRMINVOICENUMBER (ID, CATEGORYID, CATEGORY, BEGINCHAR, NUMBERFROM, NUMBERTO) VALUES
(1, 1, 'Hardware', 'HRD', 1, 1000),
(2, 2, 'Software', 'SOFT', 1000, 2000),
(3, 3, 'Mechanik', 'MEC', 2000, 3000),
(4, 4, 'Fruit', 'FRT', 3000, 4000),
(5, 5, 'Service', 'SERV', 4000, 5000),
(6, 6, 'Cash', 'CSH', 5000, 100000);

INSERT INTO CRMINVOICEPOSITION (POSITIONID, INVOICEID, PRODUCTID, DEDUCTION, PRODUCTNR, PRODUCTNAME, QUANTITY, NETAMOUNT, PRETAX, TAXTYPE, `TYPE`, CATEGORY, DESCRIPTION, CREATEDFROM, CREATEDDATE, CHANGEDDATE, CHANGEDFROM) VALUES
(1, 1, NULL, '', 'FRT238383', 'Mela', 500, 2, 1.5, 'IVA', 'Apple', 'Fruit', 'Mala di qualitá', 'root', '2010-10-31', NULL, NULL),
(3, 2, NULL, '', 'FRT238383', 'Mela', 1, 2, 1.5, 'IVA', 'Apple', 'Fruit', 'Mala di qualitá', 'root', '2010-10-31', NULL, NULL);

INSERT INTO CRMINVOICESTATUS (ID, `NAME`) VALUES
(1, 'Offen'),
(2, 'Geschlossen'),
(3, 'Bezahlt'),
(4, 'Geliefert');

INSERT INTO CRMPROBLEMSOLCATEGORY (ID, `NAME`) VALUES
(1, 'Hardware'),
(2, 'Software'),
(3, 'Mechanik'),
(4, 'Fruit'),
(5, 'Support');

INSERT INTO CRMPROBLEMSOLCLASS (ID, `NAME`) VALUES
(1, 'A'),
(2, 'B'),
(3, 'C');

INSERT INTO CRMPROBLEMSOLSTATUS (ID, `NAME`) VALUES
(1, 'Offen'),
(2, 'Geschlossen'),
(3, 'Verworfen');

INSERT INTO CRMPROBLEMSOLTYPE (ID, `NAME`) VALUES
(1, 'Software Service'),
(2, 'Hardware Service'),
(3, 'Friut Service'),
(4, 'Mechanics Service');

INSERT INTO CRMPROBLEMSOLUTIONS (PROSOLID, SERVICENR, `NAME`, CLASSIFICATION, CATEGORY, `TYPE`, `STATUS`, DESCRIPTION, CREATEDFROM, CREATEDDATE, CHANGEDFROM, CHANGEDDATE) VALUES
(1, 'PRO938494', 'Fruit', 'Please select', 'Fruit', 'Friut Service', 'Open', 'Problem solving is a mental process and is part of the larger problem process that includes problem finding and problem shaping. \nConsidered the most complex of all intellectual functions, problem solving has been defined as higher-order cognitive process that requires the modulation and \ncontrol of more routine or fundamental skills.[1] Problem solving occurs when an organism or an artificial intelligence system needs to move from a given state to a desired goal state.', 'root', '2010-10-31', NULL, NULL);

INSERT INTO CRMPRODUCT (PRODUCTID, CREATEDDATE, CREATEDFROM, CHANGEDDATE, CHANGEDFROM, PRODUCTNR, PRODUCTNAME, CATEGORY, `TYPE`, TAXTYPE, NETAMOUNT, PRETAX, SALEPRICE, PICTURE, PICTURENAME, DESCRIPTION) VALUES
(1, '2010-10-30', 'root', NULL, NULL, 'FRT238383', 'Mela', 'Fruit', 'Apple', 'IVA', 1.25, 1.5, 2, 0xffd8ffe000104a46494600010101004800480000ffe126b845786966000049492a00080000000b000e01020020000000920000000f01020005000000b20000001001020007000000b80000001201030001000000010000001a01050001000000c00000001b01050001000000c80000002801030001000000020000003201020014000000d000000013020300010000000200000069870400010000004e010000a5c407006a000000e40000002a0a00002020202020202020202020202020202020202020202020202020202020202000534f4e5900004453432d5231000048000000010000004800000001000000323030363a30333a30342031353a33313a3533005072696e74494d00303330300000030002000100000003002200000001010100000009110000102700000b0f0000102700009705000010270000b008000010270000011c0000102700005e020000102700008b00000010270000cb03000010270000e51b0000102700001e009a82050001000000bc0200009d82050001000000c40200002288030001000000020000002788030001000000c80000000090070004000000303232310390020014000000cc0200000490020014000000e00200000191070004000000010203000291050001000000f402000004920a0001000000fc0200000592050001000000040300000792030001000000050000000892030001000000030000000992030001000000100000000a920500010000000c0300007c920700f80600001403000000a00700040000003031303001a00300010000000100000002a0040001000000300f000003a0040001000000200a000005a00400010000000c0a000000a30700010000000300000001a30700010000000100000001a40300010000000100000002a40300010000000100000003a40300010000000100000006a40300010000000000000008a40300010000000000000009a4030001000000000000000aa403000100000000000000000000000a000000280000008c0000000a000000323030363a30333a30342031353a33313a353300323030363a30333a30342031353a33313a3533000800000001000000140000000a0000002f00000010000000980200000a000000534f4e592044534320000000190000200700010000000200000020b00200060000004e04000040b00300010000000000000041b00300010000000000000042b00300010000000200000043b00300010000000300000044b00300010000000100000045b00300010000000000000046b00300010000000000000047b00300010000000100000048b00800010000000000000049b0030001000000000000004ab0030001000000000000004bb0030001000000000000004cb00500010000005e0400004db0030001000000000000004eb00300010000000100000001900700940000006604000002900700c8000000fa04000003900700c8000000c2050000049007007c0000008a060000059007007a0000000607000006900700fc0000008007000007900700c80000007c08000008900700c80000004409000056697669640000000000000000000000010000000100000001f9700000e700d700160000401377f3401377f30040ff0000000075000000000000007500c25e61ff1b0000000047977983fffdcb77eaac8a8f0008ff1200d800a1202c20b48a2ab6a8be928a2a305e0000000000000000000000000000000000000000000000000000000000000000000000000000000000000000000000000000000000000000000000000000000000000000011b3600001f007005ef0000ac09c209bbb5bbb592f692f6ac09566605e26cb1b6e5000000000c07bb870000000000000000000000000000000000000069000000000000000000000000000000000000000000000000000000000000000000000000000000000000000000000000000000000069000000000000000000000000000000000000000000000000000000000000000000000000000000000000000000000000000000000000ef0ef6000000393600000000b400001b00486c980000e300954f9262812701dc734601f6000601830118082e01c21b931bd001ee01000883010001000100010068ad3e598e459623bdbdbdbdbdbd0000817acd138194cd54056630d1058b30d9feb5016f00934bf43e5493901b054fbbf90080002300c300288a5300b2ff2c0000ff218ad100240000ff43ff9e70a40000000000000000000000ffbdbdbd08dccbee917fba7fba4f918ac7404016088fe258e258e258dccbc4c4007be2ddf6e04f9101004f9100000100005e8a390000080794bff40170bdbdbdbdbd690e7d007ddcdcbc5f100101080008000800080008000800080008000800080008000800082308a001c7003900617d9ab6d8b6ec00000001084fb6ec000000000000000000acea5f00c400400000007534640002c7cd008134e500750f35007534640002c7cd008134e500750f350000000000000000000000000000000000000000000004900101000800000000004000ff00000000000000000000000000050000001b00000000000100080000000000000008001b00000040004000400008000105568a8ae77d041b1b405e087dc8874bb6008a8a8a01000000ff000000123e00001e7d00001ea10000cd12c8000000000000000000000000000000000000010000010000000000000000000000000000000000000000000000000000000000000000000000000000000000000000000000000000000000000000000000000000000000000000000000000000000000000000000000000000000000000000000000000000000000000000000000000000000000000000000000000000000000000000000000000000000000000000000000000000000000000000000000000000000000000000000000000000000000000000000000000000000000000000000000000000000000000000000000000000000000000000000000000000000000000000000000000000000000000000000000000000000000000000010000a30000000000000000000000000000000000000000000000000000000000000000000000000000000000000000000000000000000000000000000000000000000000a30000000000000000000000000000000000000000000000000000000000000000000000000000000000000000000000000000000000000000000000000000000000a300000000000000000000000000000000000000000000000000000000000000000000000000000000000000000000000000000000000000000000000000000000010000000e7af2045e674a821bc25cbd0e162ffd007d97a40136855d01cf5d0a00b54c0a011c30600000afad7d29d6ec7d32aa62089207707da56e1a0040ad610070058600cdfaa1007dad100070812e00005c270070058600cdfaa1007dad100070812e00005c27e8d357de4c53e860e78bec621b7de797087d088c003708954039cdf301d040e2241b3937698e248a1bfc0ebb018340081b41e7c701281bc3e7a7bb0e1b13e76b000000000000000020bab63a5ecf204e04d68ab91b6f04df00000000000000000200010002000400000052393800020007000400000030313030000000000a000301030001000000060000000f01020005000000a80a00001001020007000000ae0a00001201030001000000010000001a01050001000000b60a00001b01050001000000be0a00002801030001000000020000003201020014000000c60a00000102040001000000da0a00000202040001000000d61b000000000000534f4e5900004453432d5231000048000000010000004800000001000000323030363a30333a30342031353a33313a353300ffd8ffdb00840001010101010101010101010101020203020202020204030302030504050505040404050607060505070604040609060708080808080506090a09080a070808080101010102020204020204080504050808080808080808080808080808080808080808080808080808080808080808080808080808080808080808080808080808ffc401a20000010501010101010100000000000000000102030405060708090a0b100002010303020403050504040000017d01020300041105122131410613516107227114328191a1082342b1c11552d1f02433627282090a161718191a25262728292a3435363738393a434445464748494a535455565758595a636465666768696a737475767778797a838485868788898a92939495969798999aa2a3a4a5a6a7a8a9aab2b3b4b5b6b7b8b9bac2c3c4c5c6c7c8c9cad2d3d4d5d6d7d8d9dae1e2e3e4e5e6e7e8e9eaf1f2f3f4f5f6f7f8f9fa0100030101010101010101010000000000000102030405060708090a0b1100020102040403040705040400010277000102031104052131061241510761711322328108144291a1b1c109233352f0156272d10a162434e125f11718191a262728292a35363738393a434445464748494a535455565758595a636465666768696a737475767778797a82838485868788898a92939495969798999aa2a3a4a5a6a7a8a9aab2b3b4b5b6b7b8b9bac2c3c4c5c6c7c8c9cad2d3d4d5d6d7d8d9dae2e3e4e5e6e7e8e9eaf2f3f4f5f6f7f8f9faffc0001108007800a003012100021101031101ffda000c03010002110311003f00fe3eff00e1d71ff0534ffa4757edd9ff00868fc41ffc894bff000eb7ff00829a9e9ff04e9fdbb4ff00dd22f107ff0022547b48f700ff00875b7fc14dbfe91d1fb76ffe1a2f107ff2252ffc3ad7fe0a6fff0048e7fdbbbff0d17883ff009128f691ee01ff000eb4ff00829bff00d239ff006eeffc345e20ff00e44a5ff8759ffc14e7fe91cdfb77ff00e1a1f107ff002251ed23dc05ff008759ff00c14e7fe91cbfb787fe1a1f10ff00f2251ff0eb2ff829d7fd2397f6f0ff00c343e21ffe44a3da47b8ecc70ff82587fc14f0f4ff008271fede47fee907887ff9129dff000eadff00829f1e9ff04e1fdbd0ff00dd20f10fff002251ed23dc2cc5ff008755ff00c1503fe91bff00b7affe19ff0010ff00f2252ffc3aabfe0a83ff0048defdbdbff0cff887ff009128f691ee1661ff000eaaff0082a17fd237bf6f6ffc33fe21ff00e44a3fe1d53ff0542ffa46efededff00867fc43ffc8947b48f70b30ff87557fc1507fe91bdfb7b7fe19ff10fff002251ff000eaaff0082a0ff00d237bf6f6ffc33fe21ff00e44a3da47b8598bff0ea9ff82a11e9ff0004ddfdbdff00f0cf7887ff009128ff0087547fc150ff00e91bbfb7bffe19ef117ff2253e75dc2cc3fe1d51ff000543ff00a46efedeff00f867bc45ff00c8947fc3aa3fe0a87ff48ddfdbdfff000cf788bff9128e75dc2ccff67c16a076a945afb579212dc996dbaf06a45b63d8502b132dafb0fc6a716b8038a0d231ee482d01c71522d9f3c014169752e45658c715f9d1fb57fedd927ecdbfb4d7ecc1fb38d97816f3c57aefc48bb4b6b370a51235fb4a452bf9b9c7eed5b794009391c815e271063311430fed30c9395e2b5ece493fc3f13e9b84b27a58fc6ac3d7938c5c64eebca2df5f35a9fa60967d091538b4c57b67cd0ffb29f4a4fb37b50027d97af6a5fb2fa8c7d7bd003c5afb1a7fd947a035ac5b62e643fecc314bf655f7ebeb562e74706b6e3fbb819a996db9e95ce4493b93adaf4e05585b5f51f9d03507d49d6d7d41a956d467a506961648a2863796678e2894659dce028f524d7cc7f11bf6cefd94fe13cf359f8dbe397c3ed3b538c90f670ea09717008ec638cb303f5ae2c7663470f1e7af2b23e8f85f84733ceb171c16554655aacba455dff5ea786eafff00054afd93b45b3fed18f58f166bfa7edf33cdd2f4efb59dbebb2362e3f115f94ffb5d7fc146ff0064cf8fbfb47ffc13f3c59f0c7c45ae4be22f067c4792eb56fb7689244d1e972da3f9e5588277068633b4726be3f31e31c1d4a6e9c6f776b7df73fa77837e8a1c6946a4b33ad86b52a4a5cf792528a7171d62f5ddfa3ee7ed5783bfe0a43fb0df8e6e22b4d07f68ef8786e5f184ba9dad89fa995540afaaf40f899f0dbc53a6beafe1bf1e783f5dd2d46e7b8b5d4a296351ea595b02bea3039e61311fc3a8bfaf53f9eb8bbc29e24c8a7c99b60ea52f37176d7cd5d0ed3fe257c37d57505d234cf1df83efb546e96d16a5134adf440d935dc6d5f4fd6bd5c3d4a756ee9c93b799f138dcb71386928e2612837aae64d5d77d4362fa7eb49b07bd74aa0ce20d83de9c140ed56a94805a29aa4efa81c6083daa7483dab88e8dcb2b011db156520f5005005958075c77af35f8c5f16be1efc04f86be2cf8b5f147c4363e18f0468b6af777b773b60051d1547f13b1c2851c9240a8a951462e52e85d0a72a951538eadbb1fe7c3ff00052bff0082ee7ed07fb5678c759f04fc22d7b56f84df03e39a48edad6c2631dc6a110380f712ae0b311ced0768ce39eb5f9e3f0a3e3c7882caccbea17b05fef47794de364c9cf2771e4927f3afc6f8bab4e7fbc93d4ff5dbe83bc3386c0626d25ac97bd2ebbf73ddfc3df18a194c3736ba848b3872de5898c7b4f6208aeda3f8a5aade7887c1fe2d5d7ad64d6747bc17d11b8b38d8cb2e0ae19c00eebb491824f5af80f692bee7fb079af0265f9b611ca4aea7171766d3b3d375bf7b3eaae7b8e99e29b3d2522d6f48f067801f526752eb1e96b70a993d4172c3927a7ad5cf15fc73f8abade90346b6f1ceb3a6da990c6da75a20b58a34ed848828ce770231d875ae9589ab6e58e899f9e50fa3ee558fc4ac5e66e55ea41ffcbc95ed6ebcba24fe47cc57bf11be21787aeecb51b4d775ab7d4a194baca25707d412d9ce7bfe55fb89ff0004e2ff0082d8f8efe15ead69f0ff00f6a1f116b9e32f86862262d467fdfde69ca381b4921e45f6c93e82bd5e1dcee781c5c6ab6f97ed79a3e0be951f449caf8c3856ae1b054a31c6d34dd196def2e97ed2d9f4ebd0febf3e1a7c4af057c5ff0002f86be24fc3cd76cfc49e0ed5ed96eecaf216cac887b11d43039054f20820d7755fd3586c446ad35560eea4aebe67fcc6e7194e23018bab81c5c796ad294a324f7528b69af9341456c79a1450062ac18ed532c24762335e39d0f7d499633e981fcea7087b0c7b9a0ce72b92041f5afe0e7fe0e60ff8289ea5e3bf8c507ec6fe05d7e5b5f86fe12d975e2416f2e06a9aab0c88df1d562538c7f799abcace6a38d2b7767df786793fd73335757514dfcf647f2671df4fabea30c93e2ce0790052013b53d7d7a57a8db6a1169b716f15cc52cb6ea30d1ee2acdc7193dba835f8fe7b55d49f29fec5f80195ac1616555ad6e97f99e97e1bd52c2d43c9adea577656e2de596330a8766982931a1c91805b009ec3352278b35367d38c17bf6979b0404272ac5b014fbfd3d6be4feaf29377dbfe1cfee2c371ad5c328d38cf456fd0f65f0cfc41f1685b4b4d3f57d4a0264042873c9078dbef9c7e35f487c3cbff001078fec05a5b5bbffc24f14e6e61bd49584d212d829b40e5b715c77ce7ae68861df372a67e9d80f10e4e8fd62aa4ad6bbb2d56b74cfb93e2effc13e7f69af851f086c3e2e7c54f0edd59783aeed622b3ce999adf8f91240794e180e476c57e63eb16fa8e83a84ba5ea2278a4dab1b2b839588e180e7a0e735e86679555c34d42b2b37afc8e6f0abc62c9b8c705531992cf9a9c27287fdbd1d1dbcb55f7f99fd5bffc1bb3fb5b2ea565e3dfd92bc4baccd3cf6e87c41e1d49cf213216e21439e403b6403fda6afea76bf76e01c67b6cb609ef16d7e3fe4cff009cafa77706ff0062f89f99422ad0aee3597fdc48a72ffc9b9828afb33f90028a00aea9e83f1a9420efcd7936d46db7b8ec01d0014b5b42023cff00e2bf8d60f871f0cbc7de3cb92045a469175a8727ef18e36603f1200aff0020bfda13e22eaff19bf683f897f10bc573c97779a8eb7737d721c92642d2331dc7db35f1bc5d55c6c93d6ccfea3fa336510af8cad5aa2ba5cabf3388b5b8d2efef6349116d620df797938ff1ad6bf5b28f53536d38bf8a3896497cdca924e38273ce38e6bf1eace4ea6a7facdc250a34f01eee8ca5ab5fbdac4d14a8cac42b2e4e72a7a73e9566ce7b613daac1773c842231620aec6ea40e7b56aa8bb5fa1eb57cf79b12a2f756fccf53b0d66e345368dbee149db2c2e095c827ef29ebc1079f6afe813fe092de11f83b3d878ebe2afc5ff0f6b9af68fa2c70dc6913d8c9f3a6a22418f3bb041b8707be3d68cae9c1e253a9aa5a9f49e256798ea5c275a397c943113e58c5bdaf2925afaa6fe7e67ef77fc1467f6f2f819f137f6688fe0f787b5d7b1f146b4b09bafb5dab18ac1101251d87f19c0236e718afe3c7c71a959eaa97f208ac45f398a1551bb7a95e32bdb040c60fad7bbc6f99d3c5575386c925fa9e7fecfaf0d732e1ae19ab4330569d4ab29ab34d38bb25f3b42efc9f73ebbff824bf8f753f871fb7bfecff00adc2d240b36b4749b84391be39d1a3607fefae9ed5fe8cf5f61e17546f0f562ff993fbd7fc03f807f6a5605478e30b8a5f6e85bff019cbfcc28afd44ff0032828a0028ae15077b80515d11801f21fede771756dfb23fc7036609b87d1a48c0f5c919fd335fe4dff192c8e8df11fc6d0ba35aab5ecfb557a9f9ff008bdbafe95f9d718c1baea3e5fab3fb07e8c55952a55ea3fe65f91e306ee4825778df7207504938e4ff00faea2bad56ee2d4a78af0490ce1b0f9ed5f06b0a9cd9fddb0e20953c3c75ddafc6e5e1afcb1c52dbed86569028f31c65930c0e54f6f4adfd2f578dcc5697737910f9a1dae36967418c7e23dab2ad87b46e8f632fcebda62539fa7eb73b9f0d6b36b26a90ff0069dc27d97cb78cb48a5c2e54e1828239c9c8f7afd54ff827e7eda127ecdb7be26f0beb5e1eb6d7fc11adc68b7e55c8b8015b20a1395e3d08ee79af22188746aaa9fd799fd0b5786e3c4193cf2e53e593b34fcd35257f2bad4f75fda73f684f0c7c4fb7d18782b406d2b4480ccf219c2b4e267c025a553875f94103f87247bd7c510c70eaae22b96d4d6f198b2ec00ac832bb793ce73bf27d85736635bdad46d1fd2be17e455b26c8e950af2e6a8b99b7e6db7a75eba2e9b1fb2dff0004a8fd9a75ad67e36782be28f88ed54691a6df43269c1d70ef73e6e4303e8373139ea6bfbc84e1101eb819afd7fc34c3b850a8df56bf53fc2bfda3bc5d0cd78c69469bd28c1c7e77bbfc58ea2bf4d3fcf30a2800a2b14b5d4028ad5303e6afdb02ce2bdfd9c3e2a453aef8069ccf27fba08c9fcb35fe61bfb4d7c27b4d4be24f89357b001a0bb9de684800ab90c700f15f9e7173ff006857edfa9fd47f47eaf28d1ad6fe65f91f09eb7e06d5ad65b9b76d915bbcde63ab0000719e87f13c579ecba55d0ba966bdb826391bf7a426f9171839e7dfbe7b1af91e58ad7a9fd7787cc2a54b293d13febf330d2e12309035b0da1cb9908f98e463f2ff001ad9b58aef64371241225bc849576042b81d707bff00f5eb2ad4f7bb3dccaf316e516fa1d469e63f26275f3fed5bce54afca178c1dd9c939cf1ec2be8cf0447abdada5b476bf62905ea2bb2e164910ab9c6491943919c67918cf06be3b32834ecfb9fdb1e136694da52bf43ed3b0b3b8b9f0da5d6a96b717b77f689a774388a2569179288b8030c01c0e3e503a57d33fb367c1eb8f88be27f0fc9a96917034f8522459a597218ab7ccc411d0f000ed5cf4a8b7348fd8388f8d2187c9abe21cacd2972ff5fa9fd46fec1fe02b54f14784743b4b44821b5ba12b00380aa73c57f4175fbdf03d3b61e4fccff9d9fa4de64f13c42e5277766fef6c28afb53f9cc28a006ee14e072335e74a4ee0145529303c67f68ad06e7c4ff01be30e83671b4b7b73e1cd412151d5a4f218ae3f102bfccff5dbd9bc4da8eb36d750186eace4657193f2e0e33edce6be1f8b2fed60df63fa7fe8f8f9a8e255fe1717f7dcf9fbc49e198ae7ed28f087247ca40ea73d4faf7af32bcf87fa649f68674513120e021c7b81f4af937747f4fd2973aba76b7fc133a3f85ba3b5cb23c30bb852e1641c38c7a8cf3e9ef4b3fc37d1d4dbc4b0992142cfe41720c60fa1ff0039a895dea7661f30549a8cfb8fd3be1b58055db6ae975b94025b8c77c8c7535f4f7c2af87f08d6eda29b10d81ff96ec87f7631d48193815e163693bdd9fd27e1e6796b59dac7d95a0f80ae2f35a1a35a40d21802fda5bca740841ea777afca73df35faa9fb3cf8262b2d42d2016fc8019d8a61998804fe19ac70949b9a67d3789dc51ff098e9a7d2fbf73fa19fd857e1b1d2e7d5bc4b3c0e1224f2d1dd7ab37a1fa67f3afd2cafde38628726115fadd9fe23f8b99afd733ead53b597e01457d09f9a051401f2e9fdabfe12062a7c47619cf3fbcad0b7fda93e13ce405f1258ff00dfc15f3bfda34dbdcef960277d8e8ed3f685f85f778d9e25d3c67d6415d5597c57f015fe3ecfe23d35b3ff004d47f8d6f0c6c25d4c25859ad5a3a48fc45e1cd4a2789353b0b88a4055879808607a835fe72ffb78fc1c93f658fdb93e367c3c787cbf0e4dad4b79a7be32b269f744cd015f5c09367d50d7cd717252a70a8ba3b7de7f41fd1d6bff00c286230b2fb70baf58bff827cbdad787e14b96790bac454b4640ce7d3f0cd73e3c0d2df1964692cedf0a2470c4e769048c607f9c8af86949deecfebea104a8a6b76733ac7852e6c6481658b101e51e320ee53cf51d7ad72c747649e59ae62779b0a4bfa8f7e7d2945dc5528dd733daf7febf13a8b2b3795559e34d81cb0e9b8b11ebd48e2bea6f863a59ba9a1fdf7984208d18023008e41fa735e762d5d9faa70862e74dc9bea7e88784f48b8bed2ede6bcba92fb539995a6b86cb1707a6e6f5c0e95fa8dfb30fc366d41ad2f64b6db6c48673b71b82f615ae029b9d54785e26e74b0d964fa76fd0fe8b3e1378521f07f81744d312211dc3c62e27f776e79fa0c0fc2bd26bf7dc152e4a518f647f9219b62dd7c554acfed49bfc428ae93cf0a2803f8c2f112eb5a7cee1eeafa3707fbec2b8b3e29d52ddb1fda7a8a1cf3fbc6ff1afca1b77b9f71528be62ec3f10bc416e4795af6ae9f499bfc6b76d3e31f8dec88683c57ac47ff6d49a8e6977348d0bee76ba5fed3bf15b4b6536de32d440073f31afcd8ff828fea7e21f8bc9e19f8b9ad5c0bed76c625d2aeee147cef0962d1331ff00658b0cff00b55cf8e9ce749c5b3f44f0b6bac267b42aeca4f95ffdbdff0004f853c13e238fc47a6a5a5d177be80796dbfab01fe7ad747a6eb52e8571677b2e9cae8ce0a0f2cb6d038c11df2073dbad786ddddcfed2784f8e8b7bbd0d9d620b5d6352b89ecac05a5b3e5cc51e1123caf217b01d78f5cd79dea9e1236b1452bb855959830cee031f4fe5442777714684e3154e4ffaea47a5688ef2ee9b731e1509cf22bebaf84da1bbcf018e33e7290362afde18ae3c43d4fbfe1e838a7291fa71f043e1d5cea73d93ce8d22921554ae40fe9dcd7f40bfb2efc20b563a4db3dbedb2811679ce3aa8e8a7ea7fad7d070de0dd4acae7f3c7d203899d3c2ca117b5ff00afbcfd3800280aa30052d7ed491fe7b05140051401fce5f8a7e10e8be208e4dd6e8929e7728af94bc69fb376b16fe6cda647f6a8fa8c75afcbaac35b9fa1bd5ea7cc7e20f02f88b409596eec2e5003cee53fceb879647849591591f3c83c5734bb9bc23d4a6f7fb3a1ff00ebd725e30b3d37c59e1cd63c35aba892c6f20785f3db3d187b8383f85449732699e960abca8d48d58ef169fdda9f8cfe2ad375ff00865e2fbab095dad754b67219b3f25dc3fc322fa823f5af40f09fc4fd2b56b98ed6fa49f4e9df09b4bfc83d4fa8cd7ced48f2b7167fa019262e198e129e2a8bbb924cf75d32d418840ac6e97ef16c8c6df4fd73542f6ce29de34baf301518041c81ee47e359b6cda11bcf546ef863c3826bfb74456b8c904f5c1cf6ed5fa27f003e10cdabdeda4a6192385703714fbc3be71d3f5ae7e47291f4b53191c36125524f53f6cfe00fc1b937d9ba69c7665523544f9a5e700e319e7a63ad7edd7c34f04c3e08f0ddbd8b2a1d4a5c4b74e3fbdd97e8071f9d7e9bc2181b3755f43fcfef1c3893eb157d8277bbfcbfe09e87457df1fcf214500145007e1e3205ebba83123f050367d6bf329ee7e82ddd98da9f84f40d62368f50d32d6e54f5dca0e6bc43c51fb307c3bf11f98d1da4ba74cdfc511fe958ca1737a751f53e6ff157ec3d7e7cc97c35e2381872424ea47ea2be6bf177ec97f1af47499adb428b588873bade6049fc0d63677b9e8d29c65b9f9abfb4c7ecf7f10753d2e65d77e1e78bacefedc3182f61b472f09eff00300415f635f8a1f107c4bf12be185fcb69aa680357b547206f89e0980cf5e98069acba9e21d9bb33f56e0cf1331b92d3e48c3da416cafdcf47f85ffb64e9365796369abdd6a56458246f15fab04519e8241c679ea6bf5a7e1b7f60fc54d36c754f0c343a80930cea877953e840e4f3debe7b1d80a987972d4f93ee7f5470df166033ba5f5ac23b38fc517a34df5f4f33efdf82dfb32ead7cd06b1af403c3da2065dd73783ca4073c28cfde6f40324fa57edb7ece9fb3c6a5249a259785be0b7c43d6f436706e75dd5614d1ec557fbd1adc917130f42b160fad7764f96cab54ba573f2cf163c41a785a2f0f09a4babdf5ec9757f9753f65bc03f0b3c3be078229adad209354da03498e23f64f4faf5af4fafd8305848d187244fe0ecdb33a98caeebd47ab0a2bacf3028a0028a00f27bcf82df0faf7266d02c493d48402b98bbfd9bbe1b5ce48d30c04ff007188feb5e14f2b849ea8f42399555d4c0b9fd963c0b2e7c89f50b6cfa484ff003ac0b8fd92bc3ec49b7d7f508f273c807fa572cb214f6ba3ae19d4d7c4ae64cbfb234473e4f8a580ff006a1cd65cdfb20de38213c536847fb501ff001ae69f0f4ba33b29f10f789cd5ff00ec497b7c195fc4fa3153d77dab1cfeb5e39e28ff008256780fc6c244f147fc205abc6f9de2e74449b23fe05593e19a8fed1eae1f8c153d545fde7cc9e26ff8374bf620f1c4924be28f06f856191ce59f4dd39ad58fe29201fa56cfc35ff83727fe09eff0d357b4d6b4987e30473c2e1c4569e29bab4849ce7958db38fc6ba21c2fcda559b6bb7fc39e8d1f13b178797b4c22e49f7bebf85aff0033f5f7e157ecd5f04fe0bd859d97807c09a6d8cb02854bcbb924bdbbc7bdc4ecf27eb5ee95f4984c1d3a31e4a6ac8f83cd336c4636b3af899b9498515d279c1450014500145007f88dff00c3d77fe0a93ff4928fdbf3ff000f1f88bff9328ff87aeffc1527fe9251fb7e7fe1e3f117ff002652b007fc3d77fe0a93ff004928fdbf3ff0f1f88bff009328ff0087aeff00c1527fe9251fb7e7fe1e3f117ff265300ff87aeffc1527fe9251fb7e7fe1e3f117ff002651ff000f5dff0082a4ff00d24a3f6fcffc3c7e22ff00e4ca003fe1ebbff0549ffa4947edf9ff00878fc45ffc9947fc3d77fe0a93ff004928fdbf3ff0f1f88bff00932800ff0087aeff00c1527fe9251fb7e7fe1e3f117ff2651ff0f5dff82a4ffd24a3f6fcff00c3c7e22ffe4ca003fe1ebbff000549ff00a4947edf9ff878fc45ff00c9947fc3d77fe0a93ff4928fdbf3ff000f1f88bff932800ff87aeffc1527fe9251fb7e7fe1e3f117ff002651ff000f5dff0082a4ff00d24a3f6fcffc3c7e22ff00e4ca003fe1ebbff0549ffa4947edf9ff00878fc45ffc9947fc3d77fe0a93ff004928fdbf3ff0f1f88bff00932800ff0087aeff00c1527fe9251fb7e7fe1e3f117ff2651ff0f5dff82a4ffd24a3f6fcff00c3c7e22ffe4ca003fe1ebbff000549ff00a4947edf9ff878fc45ff00c9947fc3d77fe0a93ff4928fdbf3ff000f1f88bff932803fffd9ffdb0043000503040404030504040405050506070c08070707070f0b0b090c110f1212110f111113161c1713141a1511111821181a1d1d1f1f1f13172224221e241c1e1f1effdb0043010505050706070e08080e1e1411141e1e1e1e1e1e1e1e1e1e1e1e1e1e1e1e1e1e1e1e1e1e1e1e1e1e1e1e1e1e1e1e1e1e1e1e1e1e1e1e1e1e1e1e1e1e1e1e1e1effc0001108012c01c203012200021101031101ffc4001d000100010501010100000000000000000000010203040506070809ffc4003f1000010401020502030702040406030000010002031104052106123141511322076171143242528191a108b1152343c133536272162435e1f0f1445482ffc4001c0101000203010101000000000000000000000102030405060708ffc400321100020201030302040502070000000000000102110304122105314113510622329114336171b181a107151623c1d1f0ffda000c03010002110311003f00fac292957494b192ca6929554a690828a5202aa94d2028a534aaa4a40534a694d29a500a694d29a5348494d252aa92901480a69554a690145252ae9290145252ac04a4053494aba4a424a69480aaa5202029a5500a4053480a694d2d4f14ebb8fa0e2325962926925772c71b0753e49ec3e6b5183c73a6fdb30f07509b1e0cccbaf4e16beddbad6c9abc38f22c727cb3631e9336483c91568eba9295406ca696c9ae52029a5500802029a534aa0129014d252aa94d2028a4a5556e9480a69295549480a692955494a414d252aa9290148094aba4a40514a6955494a414d252aa94d2028a4a55d252028a4a55d20080a69005552521051ba2ae910935f494aaa5206ea0828a534aaa4a420a694d2aa929014d29a5552521253494aba4a500a6929560252029a4a55d252028a534aaa5348494d252ab952b74053494aba4a4053494aaa53480a694d2aa948080a40534aaa53480f17feab35dd5387784f033f4f772c6fc8306458d8b1cd3b7cba2f0af83736a5c51f15347932321d2b8ced360df2c6cf772fd2852faa7e3770fc3c4bf0bf5dd3a58848ffb23e587c8918399a47ea02f9c7fa42c3823e36c49db4e261947bbab5dff00d2e7ea30a79632f73bdd372d697257749ff07d821b400f0a4055529a5d038253494aaa4a4208a094aaa441653494aa4a41653494aa4522ca69295549482ca6915549482ca6929554a290591494aae8882ca694d2944164252952a4594d252aa929059148a5290822914d220228a2944a0602529534a0b14d29a52029a420a694d29014d2029a4a55d252029a401554a69014d0534aaa4a50494d29a555252029a4a55529a4053494aaadd4d2029a514aba56e79a185a5d2c8d634752e280aa929731adf1f70b69008cbd5600e1f85aeb2b88d5be39e871b8b34fc79a73d9c400162967c71eecdcd3f4ed56a5d628367afd26de57cff37c64cccc9c33fccc58cf76513fca99b8d26c96dc3c47990bcfe66823f8587f190f0753fd33af55be35fdff0083e8004790a76f217ccf9bc49c7003a4d378862cc6f66586bbf62b99cbf89dc7587218b2f3722178da9cda557ad4bc1b783e11d5e7e21257edcdfd8fadf51886469f9101e9246e6fee17c6bfd34c53e93f18ce9f92fe5762e54b8ef04fe21ccdafe166b3e2f71a349ad4dde28b415cf7c20d4b30f1aea9a87a80e7fda4e407387de7924eff00aac39352b2552ec7431fc3baae9909faf55354bf7a67dd00295f3a43fd406a30caf83334b839e3716bb95c7b1a5b7c1fea0711e6b234b70afcaf1bada5abc67027f0cf528f3e9dfd8f74a4a5e69a5fc64e19ca6b4cc65c727b387feeba4c0e3de16cca11eab0349ecf772ff759639f1bf2737274fd563fab1bfb1d3d22c6c4d47072dbcd8f950ca3fe9702a32752c1c7ff008b931b7e5ccb26e55766aec95d51948b4f2f13e8b16f266b1a3c92abc3e23d1331fc906a78ce7fe5f505a8f521ee5fd0c957b5fd8daa950d735c2dae0479054ab98884528a68108a51281148a51281094a512811494a5128108a512810a5112804444a011112804445340c2534a692950b101480a405348414d29fd14d29a50494d29a52029add0114a69294a0229295548808a4a5552520229282a9290829a54caf6431ba491c1ad68b24f65197910e263bf2277b638d82dce276017cbbf1cfe33cb9d34fa46893ba2c465b5f23762fff00d95273da66c589e47c1e95f12fe3368fc3e24c4d36466465004170dc34af9df8c7e306bface43e26663d8d71ad8d7ff4bcb759d6a7ce9dd4ea076f99f9ac28de46f7b9ea569e4939773d274fe9f08b4e48eeb4dd54cd3f3e43cbdc772e76e5741a6cd8a799efa7120f2b4af39c09e9944edfdd6df1b2decaa7107b2d2970cfa4f4d841c1462a8ecb3a111379fd40d26886dac78b3289e790903a01dd69199dce3fcd24f95978f2b5c050201e8b159e9b0e05b69f26da1d4676bb998e7467b515b566bef920fb3ea31b3222f1230123f55cbc79af8676c8d00969b163649b21f933ba595e0971dd2c8cbd3e191db5ff0066f32a3e187e3c923279715ed6dd11ccd3feeb03e14cf0e2f1acf90646b2098d34bb62562e6c187246c6b039cf23dce27bf80b1d9a7b60787472107aec7a226d334f57d323aac3e9649bf756765c43c219b3eb79593892e2086490bda5f301d56143c219066b9754c08856e5af2e5adc79721cfa92473801d2d6c1b8d344cf5010d6127bab5af6359e9756a0b1bc8abf637b83c31a0c6c07275b9de47511300feeb678b91c1ba51e7f4e6cb78e9eabc91fb05c1b26709bdef7358edafaa48f0f21c0db46c4d7456595aec8d77f0fcf2fe6656d7dbf83d027f88820616e9b17d9d8057b36a5cbeabc6dac654879b324009e80ad4eaf8b1c31c524120746f60e6af3e16a9ed3e9191a6c7e2aecaaf2499974bf0e6971adca3f7372dd7b3f25f4731cdffb9c563b75dc88e4a73dcd78ee0ad2b0d48d04f2d9ebd55bcce5648e6b5dea341d9c3baad9d68f4ac2b8513d4f857e27f11686d8cc1a97da20ff00932fbb6f1bf45ed7c0df17b47d6fd3c7cf1f64c876d677693f55f1e0924a04b8d745b1d1f559f0a52e6fb87624f43e565c5a89e37c33cf756f83747ac8b928ed97bae0fbf71e68a7884b0c8d7b0f420dab8be7ef833f11db2be1c2cdc98e26d86b8bf6a24d03f45ef7064453122391ae2deb46d76b0e6592367c77aaf49cdd3733c5951791116739611110044440111100444401111004444011110044440635252aa929622c40094a7e6a50115b29014d2520214d2908800094a54a104522529416114a842028710d69713407552bc97fa8ff00889170870d3b07166033f29b428eed6ffeeab3928ab3263c6f249451e75fd4afc5a0f9a5e1ad167a8586b22569fbc7c0f92f98350cb9732425cea8c1dfe6aad4f3a7d4731f3cee24c8e2e75958d94e0d686d80b5afcb3bd834fb692314d731ec2d5cb27727aab3239a480cb03bdaae125ce037f96eb0c99e834b89b746cb06e8b8dedbad9e9b9ad827f5a48d92d034d7745a965f2800d0a55738aa056a4b93d9e93fd98a46d1d95cee26e893d02c98335ed21ac2456cb552c32c058656b9a5c038730ea3caaa29002b1b47630669295b66fd99bee1cc078578e402f0050bfd1689b26fd7a9575d9557cc4f32a9d45ab8a5c9bb8b2390d970fd55d394c7bb67123cae7ce4ddb76b28cc920d9774fe539216a20e5c9da60e542308c62369703cc5c4ee47859cdf565958d6801aeaadfa5ae1a1cc73473076e7f95b187579591b6a43d7a227ee64db097316744ec3924cf18a0f339a6ac6ead4a0e34f241292e04f95a7835899937acd239af72afbb527656536491a2dc77a53c1923169f2d5519cc9aa3313dd6dfc37e52281e715f3c409841a90d5804f455eada73a26bb2309eec8c663185f288c80c73bf09f9dac08f372b1f165c763dcd8a5ae76dec48eea7b178ca338dc19564e26463451c991096c730b8c9ee3e4b07231dcd3ed3ccd216c7fc4e6974f6e1c803fd3171b9cefbbe69524639c36b8ccff0058914da155dd3b90a725f57f6fec699ede567dedfc1571d1cb0c0c95ec706c9f75dd9caac9600f3d88f1dd50e9659608f15d2fb03bd81c7dadbeea0b3768ced233a1c68e76ccc7991cdff29cd75729ff0075de7c31f88fa9f0e6bb04cfca93231090c96373c905bf2fa2f3a867f4b12680c51c9ea016e22cb68f50acc2e746f1cbbdef6a62da768e66bb4183578e58f2c6d3ff00dfd0fd08d1b51c6d5b4c8350c4787c333039a42cc5e11fd2ff00180ccd3a4d0b2641cf11b8c13d97bbaef69f2fab04fc9f9e3abf4f974ed5cf04bc3e3f6f011116739a11110044440111100444401111004444011110166b74a55529a588b14d22aa9290822914d2520b2294f6529482c2229a42085288a404528940c2d6b50834ad2f2350c978645030bdc4fc97e7ff00c69e2ecae2be36cacd91e4c6d772c6dbd80ecbea1feaab8b3fc27857fc271e4226c9ddf47f0af88f2e674994f738fb89b27e6b5724ae55ec767a760e377b94c9288c127eab02792473dae241e61743b2a725ee91e58db215e8b1cb581c7772c3291dfc181fb14b41e5eb47bad869f0c4ec79667c81ae6d0636aed611611d56562349019756b5f24b83d068b0add745fb25a074a501c18fe6347baab2dad8a411c6e125771dd639364d05851dab33b232a5ca78323dcea01a2cf403a057226b8b0b9ad2434592b0f1cd381beab29f27b6b6a3d47950d57637b164e2d9d07081d20cd3cbaab79c319cd18beaef14b4734a249de472b017ecdf0ac3a60d2e3182d69ec4d956049525937ba851e6c89e6546cb3a09311ed8e4e5e62d0ef6bac6eb1daf75289a60e03985386dbaa6021d2b1a5c00277dba053b78e49fc42b5b4ce6cbed682076bdd648918472b050a5892884653e289e5f103ed71156af01ca01050cd0caeeacc881bb39ceec3babd8b2cb1ca248de451f69f9abba445f6cc838c7221818f1ee7ca69ad005f558f88d072cb39c168750dead55a46f62caddb6ce8b4ecbcf7e24f8b364bbd19c873c731a791d2fcee8ec17c2777fa97bb9974a3476c6fcc8e490db18798fbab6f92f42e05e1f7f16712fad91206fa8f05cdafbc1648437706bea35eb4b196497114ad9ce69dc19a865e319e2c773c6e0511b7ff2d59770f4d13df14b1c8d7c66aabbf85f6170ff0007693a4e2b606c0c90345591bfeeb95f8a7c1d8726972e5e235b13a3613ca1a3b7cfaadd9689a8d9e334df1e7ada8f49af95f667c9da9406f62016ec7e4b552c459218df56d344f55d36463363d4b9739de9c6e940246f42f75abe21c56e1ea1910633fd5c76bcfa6fe5ab07a7f0b9ed1f47c39aea26a0b85ec06db03f257cbc35cd772d5f6036567908b6816ea50d7d80d2760373f25066973ca3b4f86fc41170df1b6266e3caff00b33c86c9cdb55f5fe57db9a6653333021c98dc1cd7b41b0bf3bdae2d7075f7d8afb0bfa6be2676b5c1830f2242e9f0cf2124ee4765bba1cbb67b5f93e5bfe2074c4e11d5c3c70ffe0f574445d83e561111004444011110044440111100444401111014529408b1936114a2101114a02114a200888a404444a0152f706b0b8f402caa96a38c33469fc379b9374444437ea7a2893a564c55b48f8f7fa9ce23ff0014e2e99a5f71c5b017d82f019a5e791e475715d8fc4bcd93338873247b89b795c6e28639ce321a15b00b9cdf167b4d1604a2917f4c8398979db9567bd8d0412b1719c59090dea51d21f26d60936ceee284515cf182f3e2d5418e0699b505442f0e26c5d0fe567e348c8e0782d0e7482acf65864cec608c4c5e50196eebe55967dfa1d0ad9ea0fc61a7451c6c225b25ee27af85ae863e66975ee123c9b135d923264898d039240f05b676aa3e1505c48f0a86b9c077af2a973883bab5158e4a2e4ce07722afc0566ecd0eaa999eae696f8bed4c74ed2e8c1f701dd12e0c59335ca89f75dbbdc4f955b0107c6e997331f92f92167230b8f2b6ee85a35c0973a80ef43b216534999119a3cc4aca8deea06811d68ab4c60717b1a6f6b1fb2a1929a2c23a85568ddc393933e325b197f3102ba05938113a79da39486d804d2d509aa4146aba03badc69cef5bd38e2b0e2fe63b8007eaaa6fc67b627a7fc39e12ffc4af38f0471b251439aee8ed76bdbf80b835fc25aac0c9d82561782246dfdef2bcdbfa7995ba1ea33e7e438188c0e2e6134eebb75fa15e95ad7c41c89f3e07331e26c4d365a0dd01e4addc2a118dbee783eb79f5b9f512d3e2e71d1ec0b97f89b9acd3f85a6cb9181e184583dc1d8ab7a171969b91a7c99197951c4d636c826885e71f13be21697abc12e9ad8a5fb3069e5b1bbddd8d785bf933476773c7f4be93a9c9ab8c5c1d45f2789ebc61975b7cc038b1f21739ae0285efb7c969756631d393196fa6e3dfb6cba1e36c3c2c6c1c09b0b25d299620e91a7f03b6b5c9cc7d58d80b88a3d0ff75c69f73eefa3a942328be3b7d8a35387146958f3b6673b25cf70919cbed0ddaa8ad51db65b4d6208f19e715af0f7377e669b0b572edb906cac66fe375105c7940005f85ef1fd28eabf66d6f2711eea12807ebd9783e280e27aeebd23e04653b1b8ef15a2c07b483f3ee15f14aa499e67e26c2b3e87241fb7f07da88a885dcf0b1de5a0aad7a15c9f020888a40444401111004444011110044440111101088a55010a511400888a40444520222200888802e17e3464987855d134d191dbfd005dd2f31f8f139669513476b2b1e6e2067d32bca8f87b8fa091bab643b96b9de4ae6191f41dd76ff1098e665b720d3adc5b5ffcfaae3243476dcae73767bad3aa8a2e4e1b1f23637dfb6c9e8ac936e0aa99ae63bddd695978e87b2c7474a2d22fb1fed79abdfaac8824f686d8fd7b2d7f3534f8b579b2506b87458da37b1e43233243eddcd7f7518b94628df1f678a2b1269399fd49a501e3aa950e0996a5ee33a298b41ad813bab99d90d99ec2d8d91d340a68fe56bc39db2ac1f6d8ec9b4473f0d15cb741c4503baae38c81bd0fd555939ad7e9d0e288a3058e2e2f03dc6fb5ac569738d924ab2bae4c3392dd69992c639ec2ea2797afc95c85f6483b5a8d3f21b0c8799a1ed702083d0ab56038f29557dccf07693367852471e445248d2e8ee9e2e891e14654911c97ba0696465c4b5a4d903b2c289f5562c5f4537ee07986fbd5f45468e9619f83263b2f0f70e61766fbad869f90e6cae2d706f7af97856c6463bf49640dc70266beccb7b91e159c6716ced7782ab66eaf07d3ff000972b035dfb6641c76f37a3182c63032cf2804f5ec7f74d53489f17549a6043b1da6c300dda3b13da9713f09f8df4ac2ca7453c4cc52e6f2f3c4d3b9b1b75e8bd5650cd5864e54330c80636d39d255837400ff0075b506a51a3c8678e5d36a64da6a2d2ee71d9d3cb973fd9399e398580d1d7e8b88e20c995af745b974639399dd4efb8a5e97995c3d8d8faa7a2d90c879b980b0ca3b8dbe4bcbf8bf558352e21c9ce645e932490b9a2b655c9d8ef7466f264f963f2af3faa3599b9e72a27b25710434728bd96aa67125a0bac7955673c3e5790ed89ba54e3c13e6e4c78b8913a495fb358defb6eb599eba11515ec8b33bc825c0dd742aa7ba17603498dc67e7b2ebd88ae8ad88721c1d4d34deb5d9391d08a70045d2ad1967249175b8f24304391403252458f92ed3e10c6f3c7583d410493f4a5c64627921631a09687120785ed5f09f4a865cac6d6bece212236c4d03f150dcac90572479bebd9e38f4b36fca68fa834d3cd8109ffa02c8589a47fe9b07fdab2d7a087d28f80cfea6111158a844440111100444401111004444011110044455a011112804445202222500888a40444401794fc7a05da7803b05eacbccfe3347ea62b9a47e1d960cff0049b3a3fcd47c65f10e02eca0c6dfb9d6b889d9e9c95b123e6bd43e22e27f9c5e0511d0af357c2e7e416f8049b2b9e7b5c32f9118b912ba43cef3cc5513381674a57190be6904405b8f456b259caf31d0046ca1aa36e136f9203799828eea216be5258c1742e964c98e63c18e6b05aeb6817becb1f09c23c963dd7ca1d66baaaf73694e9a2d496d7d1bb50d79055ed4dec9b2e4958de5617581e15b64123e27ccd16c657311d9592e39304e4f7bda5c6b8103735dfe4a0b8d57656c586ded5f552ce67ba86e545197d4b44dfeaae35ded564021d5fbab836be9b2508ca8b8d76fd56669994dc4cc64ef86399adfc320b07eab01be42abad0f2ab28d9b18b26de4cb9e46ba573980004dedd02869a14ac34d1a55827c6fe1636a8e962c966f7033e2c7c0c8864c689cf98001ce6eed1f258ed174e0e6f95af8492edea8795951bb98d0546a8e961c9b951b4d2a6763c9cc3bf55dc68bc55a86142d870a77b5cedb671dd719a1e9f97a8c92371581e6188caeb7014d1d7aacdd160c8ced521c0c56074f33c3182c0dcfcd554a8de962c738d4d23b68f8a354c71362cd90e2d95a58f89c7980e61bfc8765cd679265716b5dcadfd82a70a16b356fb2673f93965e490ddf2efbaab5091b1e44b8b8eff5200ff6388ae6f054b95f06ce9b0e3c4ee2bb98ae7978b005014a8c59a7c6944d0cae8df468b4d1f054b9803f99db5f40b367c6c7fb3038ef321657a8f3b0b3d001e3aeeaa6dce493a2ce16564418d3451484367686c82baef75fbabad8e57f231deef0ad63c4e73f6ddbf25d5697a44920696b28f6bf2a5234f55a88e35c97b85b875f99a8b1b200218fad1ebb2f70e1ac38f19b878d13035918d82e7386f4e830e363636f310c01c6bbd6ebb5d0a327322dbb85b58a347ce7ae6be59dd7847aae98de5c0847fd2b255ac56f2e346dff00a42babb11ec8f9a49db6111158a84444011110044440111100444401111004445140222200888a404444011110044440179ffc548f9da01eec3fd97a02e1be2ab6b12393c02561cff499f4df988f953e21630f55e40042f2fcdc106426a85af59e257c791972b79b9812485c16a58de9c8481b5ae7a3d7e36d4523969b15d04a1e09b1b82b03262e6160df75d5cf036688534dad5cd8dcae3b6e13c9b309351342e6bdbec2491d6be6a92d20d914b6b2630fc436a56f2618db0b0b1c1ee37cd5d93832c66cd3ca1c484639f45809a3d42ce63582667a8df6076f5e1513c6c333cb01a27da12fc12ad3bb2dcd8b363f2faadae701c3e8aac1c8761ca656318e22c02edc2a72a57bc8e67389000a3f258e05823a6ea12b5c9694aa5712eb087bbb59e814b8f2937d9591eda23f55593cc945f7f1c971b67adaaa320914152237868d8d1f2ae46d67239ce7f2902da2ba95566484a9a24ba9d7dcac838f3b715b92e8dc2173b943eb627eab1002e750e87cac913cefc7640e91c626925ad27604ac724ce9e0c8aca8535ded37f35918de917912388bd8103a158adba35fd96d78771f0e6cf6b35195d0e3904b9c05958a5c23ad8269348ab066961e6f4e47303872b883563c2cbc495f1ccc922b6c9e6eb758e591fac4347f97b86edbd7659d8d8fcf44592a9475a33a5c9b0d2e19259bd679005ee5c7ef15b4d5f19904ed0e001f69a6f6045ac3c489e035ade62dbb23b5acf9e373e30e71e829592e0afaf7913b30f5c7e2cd985d8713a2803406871b3d164e71c08f0f04623a47cc63272011b0776afd1613dbc8eaa26fb10b61a4e9cec8a2fb0075f9aad1b4f3463156fb1b4d3f4c87ec187347334c93486e203dcdaee577b8382d8e20daebd37e8b4bc31a581389de0fb46c0aeddd03043151b79167e8b3411e53a9eaf74a93369a346d6c74412037f95d7f0bc2e973a3dbc2e474a1ca43415e89c118e0cac7d595b5895b3c4754c9b6126770d14d00760a511754f181111004444011110044440111100444401111004508ab6094508a2c128a110128a14a58088896022229b0171bf161a470e49301f71a7fb2ec9735f12a0f5f837501f96171fe1532f30665c0eb223e39cb78fb697ee6aed68f36a5bb15bac8cecc74390fb6dd92162b5dced69b1bee6d7351ed229d5982cb89e4867357505614b117f33ebda3c2db4d181cd56560ccc735a40710d775f9a1962f8a66ae58416d1efe56118398f2305fe8b78c8dbcdef3b2c37c6e64fcd13b97c142fec69e4c7b3cbcaadbb19c3dcb72ec6735c1ce1d7baaa5c4218091b1e87e49688b91a07e358dec9543b179fa803e4b7adc50f61758d8d577549c6adc57841b8d1c784e9240c601b9eaa97e13d9216902c1ebd9743f66744ead89a076dfaab9e9c6fc62cf485dd8777516ccb1766aa49a77e94dc0f4620d6bf9b9c37dc76f3e3758221735c0583b76fecba076239b1f306bb6ea028c211c5289248048da3ed3b6ea3b22d196e7c9a210b89dbfb2a844f07a75f92dbc71b1b2bdce8f9c381a175455fc38718093d763ecb4f296f9ecaacdcc32fd4d4c70d1a245acd822f77f0ae8c71cd74b35d88f635923c72b5db376ab5468e8e2cb6518b08b1602dd61e386b5a76042c3c1039c00174306197c11bf95cd2413cc7a576a54a3a31ccf6d596a263d80383480edc7cc2bf1b4b996edc56cb2236659c1712dac765004b7aee7bf756d8d26a86c8668644f92bd3f0f126139c9739af0cff2801d5dd87f75d0e89805ee6c51b3dceec02c0d3b1b99e1d5b2e9a081f8f2341f6b8b41dbe68a26bea750fb1b1d1e00d01bd77a23c2dffa63da361d96b7488abb55eeba16c0d7386c1d41668a3cd6ab2fce5fd2a20f9406d50a5ea3c1d8a2384cb5d9705a1e28e714d0093e17a968d098701808a2e16b734f0e6cf23d5f3dada8cd4445be79f0888802222008888022220088880222200888808f9a84b45404a2852802222801114a90111100444401616bb8a33747cbc53d2585cdfdc2cd50458a3d0a356a894e9d9f9f9c578efc5d4722178a7b252d23f5583a77f9a4b01dda6d77ff00d4468a748f8939f186f2c59153c63e4eebfcdaf38c0798b2b9c5f2dd15cbece8f73a797a98935e4dae5b40dea811bad7cadb0476ecb732b58f8aeb7ab0b01cde5907b6fe48bb165dcd739841fedb2b4f8f7b598e6ef75bda80cbfbc28842f14d9832879a612794740a2e411165fb4f6596f8a9c55bf4f6eea0cbca31e089a1e39c90d3d5449186b89ec7a2c80cfa2a9f0b7d369e61cc7b78431d705bc09044e36c8de082df78bedd55bf4395c435a6bb52a9cd0d753474fd55714ce8edc08e6aee8c9824d96a5943881cdf7851fd150230595567ebd143a17192cd75b35ded5c6b48d8eea5d18b1ef4f92d362aaeaae35a3f85920bfd16b093ca370d575d143f646bc3ee471a2df01559bb0e0c58e2045d6eb2a388b9a398b886f41e1442c1dfaad8e13a3631e1f187970a07c7cd5246f69e765b82015b0dd747a5e6c982c6e3c9891c91b883cb20dfa6dfa6eb558f1dbfa2dcb242658e59473b9800dfc058da4ce84723896b5176a388f760e43dcc6101de9dd803a8a591a3613f2399cd61a68b713e16ef51ce66bfaa499b3e18f5a46807ddb02055ac90ca1b6db56de02b6d4563a996c4a51a6fb9670f1fdcd8dbb1256d608b9324b25bf6ec775858cc73a61ca68f45b8831cb66f4c90e22ae8a7935b2e4e0da6951d01d5747870db6a96bb0a16b5b1b41b3d4ae934fc77068b6ecb3c11e7b5797c9b8e17c0925cb8dad65d105e4f403baf411b6cb4fc2989e8607ace1ef90ff0b72ba3863b6278ed665f532bfd02222cc6a844440111100444401111004444011110044440617dad9e547db19e5798bf8a4d7fc41fbaa3ff00151baf53f95afeaa336c67a97db19e548cb6795e5ade2a3de4fe55c6f149ff00982beaa3d445761ea1f6a679523299e5799378a4fe7fe55d67143bf38fdd4fa886c67a50c86795509d9e42f3967139fcc3f757e3e27f9853ea21b19e802569eeaa0f69eeb84671333b95931f12447f17f2a77a23633b3047945cac7c4509fc6b262d7613fea052a688dace89169a3d62277478fdd64335288fe20a77114787ff0057dc3c65d334fe24863b303bd0988fca776ff37fbaf9965b687961ab1fbafbbfe2269f8dc4dc17a96912069f5a13c97d9c3707f7017c2d998f2413cb8b2348962716b9a7c85a1a88d4acf55d133eec5b1f746c74b984d8ad693b80abca8f6a6f4eeb4fa5ccf66416f6eb47c2e84b0cac2e1f5eab12675251a959ab6c6d0f68750054e5c4229281076b0af48c21d5d7c2b4e0efc476f2a19962d518d1c64b8b88b03ca810c868d000f45b1c9a313393b3685785930c92c914701791e91063142c7cad0acaecd4ba1f48383987988f6f858cf8cb48b5bac996564eefb4425dbfe21b81e15195063bcb7223b11386edeb47c2593ec8d27280f06b6be96a3259ef2e68a6f8596e81ce79f4daa96c61d206bfda3a1284a8f1461d550571fe9fa9ed758abb2ab74403eba8ec424918691ca7eaa4a7288b3d3a940dee1571b1cf239412695e81d1b490f6dd8dbeaa1ba334558f6f2376f75eeb2e285fe889397db756b15adef4b2f1cbc80cbdad519b385d3363811f73d56d6289d291ca37a5afc414ddb65b8c60e647cccd9de554db5266768cc01b75dd6d258c98849cc3ad017bac4c27b8623233557cd7f3598226fa4c7f382e27eef80a7c156ee565589151e60775bed331d859ea170e6bd9bfeeb598cc2ea23f75d3e8386394bdd7f2faa948d3d4e6a89b4d1f15cf905835d5757818c66c98a060ea45ad76970723074f9aeaf8531c3b24cc45860b07e6b6f142dd1e5b5da8e1b3a5898d8a26c6de8d1415688ba279b088880222200888802222008888022220088880222203e5c96492eecd2b0f9a4bd9c564cd1d12b1a46ae71b8ca3ed1203f78a9fb4cbf98ab2f15df654f356db282a64fdaa51d1eefdd54332700fbcac32f1bd1dd39fe684d19adcfc81d242ae3753c969d9e56bb9f64e71576828db3757ca03ef1d95d6eb792def6b4bce103c259346fd9c41900515911f12ca3a92b98e61e54f3a5b147611714b875711faacc838b2bfd5afd5707cc14f37ced4ee6369e950716d803d6fe57cf9f1730d989c592e741ff0b28f3d8ec4f55dd736db12b43c7183f6fd21ee039a48fdc1526db46ef4fc9e8e64fc33cb6473a3903da7aadee9d9424c703f10eab4721e68f6145bb15770728b656d3434f7a2b0a3d64a3ba26f9e3dc091b5f4544cc6bb9880eaee3c0531cbea3410aa9dfe8c76c75f36c54b31c2cb5208e3e42d79734ec76592c8f1cbbd476439ae2df680deeb0228e8bcbdc6c9b0155ebf339b09b05a2c1a508c928eef274b8d8fa7e6c31c597348c0d14f91a6fb785a19d8d87264863739d0875b39bfb957b172c3587a8713b16ff65397336497944403aa8df52a4c51c7252e7b1865b2b65a634fa9cb7b2c69a22d73c3810e0770566c65c09adeb6544ed73dd7cbb8be814191b7fd0d77290a5ede76f39abeeb64626fa24be3bf66c7a515871c21cfe4738b479536477e0b30b9d19e669aeca18db77eaaf4917a66bafcfcaae18cbacd8142f7348cc8afb13e9b9ae0d3fd96740d8e8000877f0ac36305c08797505998ede53f55466ce35465e33761dd6ea1a7403cd51581891c6e89d6e2d78a0d15fbdad9e334f20683b2a9b1d8cbc6b0d03a785b1c285d2117e7aac7c0803e66b5ce0d6f92b7da6e35900ba9b7d4f456a3065c9b51958b8d13e5636204868164f73dd75fa562ecdb1b05a9d1e006c80289a07caebb4e83da056c0acb089c3d6e7e28c8c684f286006ddb2ed745c5fb361804539db95a4e1fc41364f3385b1bbdaea56fe18f93cc6b32ee7b42222d834422220088880222200888802222008888022220088880f9c72b1083d296af22078bd8aed25c76bc6e16bf2b02c6c173da378e3e461f0b1dec20ae8b2b0082486d2d6cf8af65fb7f85041ab75fd1537b7cd65cb0958ef8dc3640517ba5ed4a0da6d7b2804df8520eea9415484a26ff007404d2a6fa9407c212561c967caa2f651cd67ca125de62a97fbd8e6b858228854736fd764e6f05094796710621d3b5996223d8f36dbf9ad548df4e6691d0f71d97a0f1e69bf6ac019510b922ebb6f4b84654d1f973765824a8f55d3f50b2e35667e9d96ca682ebec6d6da60d74059237ad107c2e4897432f42085b7c2cff0050343acf63bf6437650a768da40c698c9e6e671e9b7456a6c495f2801fcae03b2898d463eca4927adf655c5cc051691b7542a9572538d8e3164e77383cf957800eff0031c3efdd7d7e6a89416f29a241f0aec2f7bc80f65b03b6014167ee5c8da20787f2871ae88d91cde7746d20f7206e1565b4e008b07b2a1c39643ca08693d0a14f14c999d58c2398105bf75a36fd56b8804acdc80e70b36ef0159f45cdb6b851084a89600d8eff00bab8e89ad2d2c7f3d8eca4349d95d6c6e6d5b68146654898e377b5dcb40acc81a4b850b1e1312263ef9df400b0566e03394f335a1c7e7d1559b115c17f0dbbf291ee2b798d03444d3bfa84f4ada96061c172126acf85d1e998ae7b4735d0d8224273491774fc7bab1b5adfe1e3731000a04ec1460e334c4008eb9772e2b75a6425cfe7632bc2bc51cccf98cdd2f1b94b1a1a36d805d263b0fb2266ee3e1616042226739ddc42e9b85f079de72a46fb47ddbee56ce38dba3cfeab3249b66eb4bc518b88d657b8eee59688b7d2a54702527276c222292022220088880222200888802222008888022220088880f1fe40550e88ac837bd28afe1681bc60cb8ed7036d58191a6b5fb8016f0b41d8f554fa60f4bb514459c8e5e94e16405aac8c07b36e5fe177ef801ec163cf82c70dd82d451279d4d8c41dc6eb15f138745dee568ec7825a16a733457b6e82824e4dd69df65b7c8d365675695812e33dbd8a134632804aa9cc78ea3a2b64d7508289bfa28bfdd5162d45f850495f35a8e7f0ad972a4b82924aa5e57b0b1c2dae14579af1269cfd2f5173da09824360f85e86e7edd5606af8d0e7623e09858236f9150d59b5a5d43c13bf079ce4fbdbcc37f9ab2d2613cd67dc36a57b51c69f4bc974330b65fb5de42c62f0efc5f4b585c59ea70ea233568cdc3ce9416fb88036dbcadae36a6482d2db07a91d973a5bd1cd79ebdbb2aa3925865b6bedbdca836231525c1d9465af85ae690e1d7655ef1b0308201f705a0d2f516b798124731d82dcfaf13630e73c10e1409ec50c72838990c6bdcd6bda6c93b6e937a8f90977deefb2bb09637d33562bb79477e604df4758429b68c70d710f732f95bbd5a88e4697132b0bad55246438b9a7aa3a32d7007a9dd432e9790c89ae6b9dcdcbe07952c07a760ab8a17b9dcbca495938d8e5e49dafe650c914bc15633762d0dd8fc96d208c3b95b1c6280dc8ea5469f8b209391a5b646e6f6a5b9d3b08b9c1a06e0f40a28c8e6a28c9d231dbc83d48add76485d4699840b4bb6634792b1f4ed3dc00e615f45d0636097535a36565139d9f508b5898c6597947dc07af95d2e9f8c18d0d6b7754e060fa6d68e5dd6f74dc491eff004e065bcf7ec3e6b3c6271f51a8e09d370c64e5331dbee70dde7b342ecf1e26410b6260a6b452c6d274f8b031f919bc8eddef3d5c566adec70daad9e7f519bd474bb0444594d708888022220088880222200888802222008888022220088880f23a0a4f9d94f445a06e90a6b6516a4755000d8744210a91d1014f234f6543a16387457404ed5f24060cd811bfab415aec9d0e192fdb4b7ff551df60a0b59c665f0e93bb16a32f419d82c3490bd28b41ea02a1d0c67f083fa251367926469b3c7b7210b0a48646ddb57b04da7c12020b06eb5f93c3d89283ec03e8a28b5a3ca5d606ed215a79ab5e8d95c2313af90d15a7cbe0e9db66320a128e3242563c8ff6ae8b33863508aea3242d266e999d113cd03abe88a89a39fd671e0cc80c73341db63e1703ab69d99a7c85f15c917f65e859d14edbe68dc3f45ceea4d7fb81ba534999f0e7c98be938c66afe89f78dfc10b222d6b11e79643cbf3f09aae1c2eb2f8c5fd17359d88d0496023f553e8a66ec7abce1e0ebe29a0969d0cc0efe567473cc3958e75826c595e64c7e4e2ca0c7238576bd96e21e26c86001d00a1d4f7549e9e4be93a1a6eb78a7c65547a760eab0b1ac89f61ddcae8315f1c8c0e69f7765e4f81c438790409418cf6faaebb43d5bd2782e7fa8cad882b038b8f73a719e3ceb763767651c2e7124345345d154471304bee1b7855e149f6c8daf8dff0025b08230d90fa8c2eb15b282547c184237b8f38babab5998b885c2cb76beab2b0f15e6515b36fbf45bfd2b4992570e5162fc2159cf6a3134fc02ea14493f25d668fa2b9ee639b19e41d6fb95b5d2f458f1a0fb4e74b1e3c2d1bbe42000158938ff00468723ec1c31a566f11e58dab1a33e983f371d9648c3cb3999f58df10e4e8f4fd1de5bb30d1e8296fb0b49642de79396c740b8a8b48f8c5c50f05ced3b85709df85a3d596bebd177fc25c1136990b0eafafe76ad28ebce43197f41fee56c431df647133ea78f9a5cfb2e4cdc0d2df91eea0c8cf571ea7e8ba0c3c587163e489b5e4f72af35ad6b435a0003a00a56dc31a89c9c99a53fd82222c86108888022220088880222200888802222008888022220088880222203cf1fa1ce3a6eac3f48c96f4692bd08e3b0f6541c561ec16bbc68cdeab3cedda7e4b47fc272b6ec5986e6377ecbd19d84c3d82b6ed3e33f842afa44faa79d18a41d58e0a9e470ead2bd09da5c47f00fd95a7e8d09ff004c7eca3d264fa88e0b977e854d1be8bb77e8301ff4c2b0fe1e84f46951e9b2564471ff00aa80bab93871a7a121597f0d9ece728f4e45bd44736800aeab7eee1d97b38fecadbf40c8154546c913bd1a421411f25b87687963b02a83a2e60df92d46d64a9a353cbba82db1d06cb68748cc1fe91549d2f307fa2e51b593b91a87c408dda2fe8b127c185ff7a269bf92df9d37307fa2edbe4adbb4eccff90ffd94532ca48e4f2b40d3e71fe662b0f9d968f51e05d1f201ff00cbf2df85e86fd3b37ffd67fecacbf4ecf3ff00e2497f44a3229fea78beadf09f4d9f98c5248c25725a9fc1695d671f2c1f910be907e91a83afff002921fd15a3a16a47eee1c9fb27ccbb175347c95ab7c1fd7e027d28db28f92e5f50f87dc438a4fa9a64f43bb5b6bedc3c3baabba61486fc841c25aa49b3b4fbfad29b993be1e4f81b2787b3a1244989332bcb0857301fa960380617168fc246cbef377c37c8c9da5d331cff00dc02b67e0ae9f93be469b82dff00f80a7e697745a19e189ee8ca99f1d68dc632e17209629195d6b705775a0fc46d21fca32dacbe848057d230fc02e17751c8c4c4f986c416ef4af827c0782e6bff00c22095c3cb0055fc3c9f646eff009e34aa4eff00a1e2bc3fc51c399af8a3830f372e43d198f8ee713fb05e9da0695c4fa9347f8670ec5a4407a4f9e6df5e4307fb90bd4b47e1ed17488c334dd3317180dbd918056cd658696bbb3433f56964fa51e7189f0a34ecbc9197c4fa8e56b530362390f2c2dfa306cbb9d2747d2f4a8041a76063e3463a08e30dfecb3d16c471463d91cdc9a8c9938930888b218422220088880222200888802222008888022220088880222200888802222008888028528ab408528894028528a681094a51281143c250f0a5129023947851cadfca154894814f237f2851e9b3f2855a2521651e947f9028f4a3fc815c44a42cb7e8c7f9027a317e40ae226d42cb7e8c5f91bfb27a517e46fecae225226d947a71fe41fb29e467e51fb2a9129104728f03f64528a6804444011110044440111100444401111004444011110044440111100444401111004444011110044440111100444407ffd9, 'mela.jpg', 'Mela di qualitá');

INSERT INTO CRMPROBLEMSOLPOSITION (PRODUCTID, SOLUTIONID, CREATEDDATE, CREATEDFROM, CHANGEDDATE, CHANGEDFROM, PRODUCTNR, PRODUCTNAME, CATEGORY, `TYPE`, TAXTYPE, NETAMOUNT, PRETAX, DIPENDENCYID, DIMENSIONID, PICTURE, PICTURENAME, DESCRIPTION) VALUES
(1, 1, '2010-10-31', 'root', NULL, NULL, 'FRT238383', 'Mela', 'Fruit', 'Apple', 'IVA', 2, 1.5, NULL, NULL, NULL, NULL, 'Mela di qualitá');

INSERT INTO CRMPRODUCTDIMENSION (DIMENSIONID, PRODUCTID, CREATEDDATE, CREATEDFROM, CHANGEDDATE, CHANGEDFROM, `NAME`, `VALUE`) VALUES
(1, 1, '2010-10-30', 'root', NULL, NULL, 'Anzahl', '10 kg'),
(2, 1, '2010-10-30', 'root', NULL, NULL, 'Maß', '2 cm'),
(3, 1, '2010-10-30', 'root', NULL, NULL, 'Abmessungen', '1,50');

INSERT INTO CRMPRODUCTDIMENSIONS (ID, `NAME`) VALUES
(1, 'Abmessungen'),
(2, 'Anzahl'),
(3, 'Maß'),
(4, 'Gewicht'),
(5, 'Extras'),
(6, 'Farbe'),
(7, 'Rabatt');


INSERT INTO CRMPROJECTCOSTS (ID, `NAME`) VALUES
(1, 'Planung'),
(2, 'Entwicklung'),
(3, 'Service'),
(4, 'Arbeiten'),
(5, 'Support');


INSERT INTO CRMPROJECTPROPS (ID, `NAME`) VALUES
(1, 'Zeit'),
(2, 'Dauer'),
(3, 'Abmessung'),
(4, 'Mitarbeiter'),
(5, 'Maß'),
(6, 'Extras'),
(7, 'Extras1');

INSERT INTO CRMPROJECTSTATUS (ID, `NAME`) VALUES
(1, 'Offen'),
(2, 'Geschlossen'),
(3, 'In Bearbeitung'),
(4, 'Abgelehnt'),
(5, 'Erfolgreich');


INSERT INTO CRMPROJECTTASKSTATUS (ID, `NAME`) VALUES
(1, 'Offen'),
(2, 'Geschlossen'),
(3, 'Abgeschlossen'),
(4, 'Unbekannt');

INSERT INTO CRMPROJECTTASKTYPE (ID, `NAME`) VALUES
(1, 'Hardware Service'),
(2, 'Hadware Support'),
(3, 'Hardware Entwicklung'),
(4, 'Software Service'),
(5, 'Software Support'),
(6, 'Entwicklung'),
(7, 'Plannung'),
(8, 'Arbeit'),
(9, 'Support'),
(10, 'Service');

INSERT INTO COMPANYMEETINGCONTACTS (MEETINGCONTACTID, MEETINGID, POS, GENDER, SURNAME, `NAME`, MITTELNAME, POSITION, BIRDDATE, PHONE, FAX, MOBILE, EMAIL, DESCRIPTION, CREATEDFROM, CREATEDDATE, CHANGEDFROM, CHANGEDDATE) VALUES
(1, 1, NULL, 'Mr', 'Newone', 'James', NULL, 'CEO', '1960-01-29', '+49 8474 8493983', '+49 8474 8493983', '+49 8474 8493983', 'info@ebineutrino.org', 'CEO of company', 'root', '2010-10-31', NULL, NULL),
(2, 2, NULL, 'Mr', 'Newone', 'James', NULL, 'CEO', '1960-01-29', '+49 8474 8493983', '+49 8474 8493983', '+49 8474 8493983', 'info@ebineutrino.org', 'CEO of company', 'root', '2010-10-31', NULL, NULL),
(3, 3, NULL, 'Mr', 'Newone', 'James', NULL, 'CEO', '1960-01-29', '+49 8474 8493983', '+49 8474 8493983', '+49 8474 8493983', 'info@ebineutrino.org', 'CEO of company', 'root', '2010-10-31', NULL, NULL),
(4, 4, NULL, 'Mr', 'Newone', 'James', NULL, 'CEO', '1960-01-29', '+49 8474 8493983', '+49 8474 8493983', '+49 8474 8493983', 'info@ebineutrino.org', 'CEO of company', 'root', '2010-10-31', NULL, NULL),
(5, 5, NULL, 'Mr', 'Newone', 'James', NULL, 'CEO', '1960-01-29', '+49 8474 8493983', '+49 8474 8493983', '+49 8474 8493983', 'info@ebineutrino.org', 'CEO of company', 'root', '2010-10-31', NULL, NULL),
(6, 6, NULL, 'Mr', 'Newone', 'James', NULL, 'CEO', '1960-01-29', '+49 8474 8493983', '+49 8474 8493983', '+49 8474 8493983', 'info@ebineutrino.org', 'CEO of company', 'root', '2010-10-31', NULL, NULL);

INSERT INTO ACCOUNTSTACKCD (ACCOUNTSTACKCDID, ACCOUNTSTACKID, CREDITDEBITNUMBER, CREDITDEBITNAME, CREDITDEBITVALUE, CREDITDEBITTAXTNAME, CREDITDEBITTYPE, CREATEDFROM, CREATEDDATE) VALUES(1, NULL, '100', 'IT Software', 19, 'MwSt', 1, 'root', '2011-03-21');
INSERT INTO ACCOUNTSTACKCD (ACCOUNTSTACKCDID, ACCOUNTSTACKID, CREDITDEBITNUMBER, CREDITDEBITNAME, CREDITDEBITVALUE, CREDITDEBITTAXTNAME, CREDITDEBITTYPE, CREATEDFROM, CREATEDDATE) VALUES(2, NULL, '101', 'Konzession', 19, 'MwSt', 1, 'root', '2011-03-21');
INSERT INTO ACCOUNTSTACKCD (ACCOUNTSTACKCDID, ACCOUNTSTACKID, CREDITDEBITNUMBER, CREDITDEBITNAME, CREDITDEBITVALUE, CREDITDEBITTAXTNAME, CREDITDEBITTYPE, CREATEDFROM, CREATEDDATE) VALUES(3, NULL, '102', 'Lizenz Verträge', 19, 'MwSt', 1, 'root', '2011-03-21');
INSERT INTO ACCOUNTSTACKCD (ACCOUNTSTACKCDID, ACCOUNTSTACKID, CREDITDEBITNUMBER, CREDITDEBITNAME, CREDITDEBITVALUE, CREDITDEBITTAXTNAME, CREDITDEBITTYPE, CREATEDFROM, CREATEDDATE) VALUES(4, NULL, '103', 'Firmenwerte', 19, 'MwSt', 1, 'root', '2011-03-21');
INSERT INTO ACCOUNTSTACKCD (ACCOUNTSTACKCDID, ACCOUNTSTACKID, CREDITDEBITNUMBER, CREDITDEBITNAME, CREDITDEBITVALUE, CREDITDEBITTAXTNAME, CREDITDEBITTYPE, CREATEDFROM, CREATEDDATE) VALUES(5, NULL, '104', 'Bauten', 19, 'MwSt', 1, 'root', '2011-03-21');
INSERT INTO ACCOUNTSTACKCD (ACCOUNTSTACKCDID, ACCOUNTSTACKID, CREDITDEBITNUMBER, CREDITDEBITNAME, CREDITDEBITVALUE, CREDITDEBITTAXTNAME, CREDITDEBITTYPE, CREATEDFROM, CREATEDDATE) VALUES(6, NULL, '105', 'Garagen', 0, 'Bitte wählen', 1, 'root', '2011-03-21');
INSERT INTO ACCOUNTSTACKCD (ACCOUNTSTACKCDID, ACCOUNTSTACKID, CREDITDEBITNUMBER, CREDITDEBITNAME, CREDITDEBITVALUE, CREDITDEBITTAXTNAME, CREDITDEBITTYPE, CREATEDFROM, CREATEDDATE) VALUES(7, NULL, '106', 'Maschinen', 19, 'MwSt', 1, 'root', '2011-03-21');
INSERT INTO ACCOUNTSTACKCD (ACCOUNTSTACKCDID, ACCOUNTSTACKID, CREDITDEBITNUMBER, CREDITDEBITNAME, CREDITDEBITVALUE, CREDITDEBITTAXTNAME, CREDITDEBITTYPE, CREATEDFROM, CREATEDDATE) VALUES(8, NULL, '107', 'Anlagen', 19, 'MwSt', 1, 'root', '2011-03-21');
INSERT INTO ACCOUNTSTACKCD (ACCOUNTSTACKCDID, ACCOUNTSTACKID, CREDITDEBITNUMBER, CREDITDEBITNAME, CREDITDEBITVALUE, CREDITDEBITTAXTNAME, CREDITDEBITTYPE, CREATEDFROM, CREATEDDATE) VALUES(9, NULL, '108', 'PKW', 19, 'MwSt', 1, 'root', '2011-03-21');
INSERT INTO ACCOUNTSTACKCD (ACCOUNTSTACKCDID, ACCOUNTSTACKID, CREDITDEBITNUMBER, CREDITDEBITNAME, CREDITDEBITVALUE, CREDITDEBITTAXTNAME, CREDITDEBITTYPE, CREATEDFROM, CREATEDDATE) VALUES(10, NULL, '109', 'LKW', 19, 'MwSt', 1, 'root', '2011-03-21');
INSERT INTO ACCOUNTSTACKCD (ACCOUNTSTACKCDID, ACCOUNTSTACKID, CREDITDEBITNUMBER, CREDITDEBITNAME, CREDITDEBITVALUE, CREDITDEBITTAXTNAME, CREDITDEBITTYPE, CREATEDFROM, CREATEDDATE) VALUES(11, NULL, '110', 'Einrichtungen', 19, 'MwSt', 1, 'root', '2011-03-21');
INSERT INTO ACCOUNTSTACKCD (ACCOUNTSTACKCDID, ACCOUNTSTACKID, CREDITDEBITNUMBER, CREDITDEBITNAME, CREDITDEBITVALUE, CREDITDEBITTAXTNAME, CREDITDEBITTYPE, CREATEDFROM, CREATEDDATE) VALUES(12, NULL, '111', 'Büroeinrichtungen', 19, 'MwSt', 1, 'root', '2011-03-21');
INSERT INTO ACCOUNTSTACKCD (ACCOUNTSTACKCDID, ACCOUNTSTACKID, CREDITDEBITNUMBER, CREDITDEBITNAME, CREDITDEBITVALUE, CREDITDEBITTAXTNAME, CREDITDEBITTYPE, CREATEDFROM, CREATEDDATE) VALUES(13, NULL, '112', 'Werkzeuge', 19, 'MwSt', 1, 'root', '2011-03-21');
INSERT INTO ACCOUNTSTACKCD (ACCOUNTSTACKCDID, ACCOUNTSTACKID, CREDITDEBITNUMBER, CREDITDEBITNAME, CREDITDEBITVALUE, CREDITDEBITTAXTNAME, CREDITDEBITTYPE, CREATEDFROM, CREATEDDATE) VALUES(14, NULL, '113', 'Beteiligungen', 0, 'Bitte wählen', 1, 'root', '2011-03-21');
INSERT INTO ACCOUNTSTACKCD (ACCOUNTSTACKCDID, ACCOUNTSTACKID, CREDITDEBITNUMBER, CREDITDEBITNAME, CREDITDEBITVALUE, CREDITDEBITTAXTNAME, CREDITDEBITTYPE, CREATEDFROM, CREATEDDATE) VALUES(15, NULL, '114', 'Darlehen Haben', 0, 'Bitte wählen', 2, 'root', '2011-03-21');
INSERT INTO ACCOUNTSTACKCD (ACCOUNTSTACKCDID, ACCOUNTSTACKID, CREDITDEBITNUMBER, CREDITDEBITNAME, CREDITDEBITVALUE, CREDITDEBITTAXTNAME, CREDITDEBITTYPE, CREATEDFROM, CREATEDDATE) VALUES(16, NULL, '115', 'Darlehen Soll', 0, 'Bitte wählen', 1, 'root', '2011-03-21');
INSERT INTO ACCOUNTSTACKCD (ACCOUNTSTACKCDID, ACCOUNTSTACKID, CREDITDEBITNUMBER, CREDITDEBITNAME, CREDITDEBITVALUE, CREDITDEBITTAXTNAME, CREDITDEBITTYPE, CREATEDFROM, CREATEDDATE) VALUES(17, NULL, '116', 'Ausleihungen', 0, 'Bitte wählen', 1, 'root', '2011-03-21');
INSERT INTO ACCOUNTSTACKCD (ACCOUNTSTACKCDID, ACCOUNTSTACKID, CREDITDEBITNUMBER, CREDITDEBITNAME, CREDITDEBITVALUE, CREDITDEBITTAXTNAME, CREDITDEBITTYPE, CREATEDFROM, CREATEDDATE) VALUES(18, NULL, '117', 'Anzahlungen 19% MwSt', 19, 'MwSt', 1, 'root', '2011-03-21');
INSERT INTO ACCOUNTSTACKCD (ACCOUNTSTACKCDID, ACCOUNTSTACKID, CREDITDEBITNUMBER, CREDITDEBITNAME, CREDITDEBITVALUE, CREDITDEBITTAXTNAME, CREDITDEBITTYPE, CREATEDFROM, CREATEDDATE) VALUES(19, NULL, '118', 'Geldtransit', 0, 'Bitte wählen', 1, 'root', '2011-03-21');
INSERT INTO ACCOUNTSTACKCD (ACCOUNTSTACKCDID, ACCOUNTSTACKID, CREDITDEBITNUMBER, CREDITDEBITNAME, CREDITDEBITVALUE, CREDITDEBITTAXTNAME, CREDITDEBITTYPE, CREATEDFROM, CREATEDDATE) VALUES(20, NULL, '119', 'Verrechnungen', 0, 'Bitte wählen', 2, 'root', '2011-03-21');
INSERT INTO ACCOUNTSTACKCD (ACCOUNTSTACKCDID, ACCOUNTSTACKID, CREDITDEBITNUMBER, CREDITDEBITNAME, CREDITDEBITVALUE, CREDITDEBITTAXTNAME, CREDITDEBITTYPE, CREATEDFROM, CREATEDDATE) VALUES(21, NULL, '120', 'Schecks', 0, 'Bitte wählen', 2, 'root', '2011-03-21');
INSERT INTO ACCOUNTSTACKCD (ACCOUNTSTACKCDID, ACCOUNTSTACKID, CREDITDEBITNUMBER, CREDITDEBITNAME, CREDITDEBITVALUE, CREDITDEBITTAXTNAME, CREDITDEBITTYPE, CREATEDFROM, CREATEDDATE) VALUES(22, NULL, '121', 'Kasse', 0, 'Bitte wählen', 1, 'root', '2011-03-21');
INSERT INTO ACCOUNTSTACKCD (ACCOUNTSTACKCDID, ACCOUNTSTACKID, CREDITDEBITNUMBER, CREDITDEBITNAME, CREDITDEBITVALUE, CREDITDEBITTAXTNAME, CREDITDEBITTYPE, CREATEDFROM, CREATEDDATE) VALUES(23, NULL, '122', 'Bank 1', 100, 'Bitte wählen', 3, 'root', '2011-03-21');
INSERT INTO ACCOUNTSTACKCD (ACCOUNTSTACKCDID, ACCOUNTSTACKID, CREDITDEBITNUMBER, CREDITDEBITNAME, CREDITDEBITVALUE, CREDITDEBITTAXTNAME, CREDITDEBITTYPE, CREATEDFROM, CREATEDDATE) VALUES(24, NULL, '123', 'Bank 2', 100, 'Bitte wählen', 3, 'root', '2011-03-21');
INSERT INTO ACCOUNTSTACKCD (ACCOUNTSTACKCDID, ACCOUNTSTACKID, CREDITDEBITNUMBER, CREDITDEBITNAME, CREDITDEBITVALUE, CREDITDEBITTAXTNAME, CREDITDEBITTYPE, CREATEDFROM, CREATEDDATE) VALUES(25, NULL, '124', 'Wertpapiere', 0, 'Bitte wählen', 1, 'root', '2011-03-21');
INSERT INTO ACCOUNTSTACKCD (ACCOUNTSTACKCDID, ACCOUNTSTACKID, CREDITDEBITNUMBER, CREDITDEBITNAME, CREDITDEBITVALUE, CREDITDEBITTAXTNAME, CREDITDEBITTYPE, CREATEDFROM, CREATEDDATE) VALUES(26, NULL, '125', 'Umsatzsteuer 19%', 19, 'MwSt', 1, 'root', '2011-03-21');
INSERT INTO ACCOUNTSTACKCD (ACCOUNTSTACKCDID, ACCOUNTSTACKID, CREDITDEBITNUMBER, CREDITDEBITNAME, CREDITDEBITVALUE, CREDITDEBITTAXTNAME, CREDITDEBITTYPE, CREATEDFROM, CREATEDDATE) VALUES(27, NULL, '126', 'Erlöse', 19, 'MwSt', 2, 'root', '2011-03-21');
INSERT INTO ACCOUNTSTACKCD (ACCOUNTSTACKCDID, ACCOUNTSTACKID, CREDITDEBITNUMBER, CREDITDEBITNAME, CREDITDEBITVALUE, CREDITDEBITTAXTNAME, CREDITDEBITTYPE, CREATEDFROM, CREATEDDATE) VALUES(28, NULL, '127', 'Erlöse Leergut', 19, 'MwSt', 2, 'root', '2011-03-21');
INSERT INTO ACCOUNTSTACKCD (ACCOUNTSTACKCDID, ACCOUNTSTACKID, CREDITDEBITNUMBER, CREDITDEBITNAME, CREDITDEBITVALUE, CREDITDEBITTAXTNAME, CREDITDEBITTYPE, CREATEDFROM, CREATEDDATE) VALUES(29, NULL, '128', 'Provisionumsätze', 19, 'MwSt', 2, 'root', '2011-03-21');
INSERT INTO ACCOUNTSTACKCD (ACCOUNTSTACKCDID, ACCOUNTSTACKID, CREDITDEBITNUMBER, CREDITDEBITNAME, CREDITDEBITVALUE, CREDITDEBITTAXTNAME, CREDITDEBITTYPE, CREATEDFROM, CREATEDDATE) VALUES(30, NULL, '129', 'Entnahme', 0, 'Bitte wählen', 1, 'root', '2011-03-21');
INSERT INTO ACCOUNTSTACKCD (ACCOUNTSTACKCDID, ACCOUNTSTACKID, CREDITDEBITNUMBER, CREDITDEBITNAME, CREDITDEBITVALUE, CREDITDEBITTAXTNAME, CREDITDEBITTYPE, CREATEDFROM, CREATEDDATE) VALUES(31, NULL, '130', 'Nachlässe', 0, 'Bitte wählen', 1, 'root', '2011-03-21');
INSERT INTO ACCOUNTSTACKCD (ACCOUNTSTACKCDID, ACCOUNTSTACKID, CREDITDEBITNUMBER, CREDITDEBITNAME, CREDITDEBITVALUE, CREDITDEBITTAXTNAME, CREDITDEBITTYPE, CREATEDFROM, CREATEDDATE) VALUES(32, NULL, '131', 'Erhaltene Skonti', 0, 'Bitte wählen', 2, 'root', '2011-03-21');
INSERT INTO ACCOUNTSTACKCD (ACCOUNTSTACKCDID, ACCOUNTSTACKID, CREDITDEBITNUMBER, CREDITDEBITNAME, CREDITDEBITVALUE, CREDITDEBITTAXTNAME, CREDITDEBITTYPE, CREATEDFROM, CREATEDDATE) VALUES(33, NULL, '132', 'Löhne', 0, 'Bitte wählen', 1, 'root', '2011-03-21');
INSERT INTO ACCOUNTSTACKCD (ACCOUNTSTACKCDID, ACCOUNTSTACKID, CREDITDEBITNUMBER, CREDITDEBITNAME, CREDITDEBITVALUE, CREDITDEBITTAXTNAME, CREDITDEBITTYPE, CREATEDFROM, CREATEDDATE) VALUES(34, NULL, '133', 'Gehälter', 0, 'Bitte wählen', 1, 'root', '2011-03-21');
INSERT INTO ACCOUNTSTACKCD (ACCOUNTSTACKCDID, ACCOUNTSTACKID, CREDITDEBITNUMBER, CREDITDEBITNAME, CREDITDEBITVALUE, CREDITDEBITTAXTNAME, CREDITDEBITTYPE, CREATEDFROM, CREATEDDATE) VALUES(35, NULL, '134', 'Aushilfslöhne', 0, 'Bitte wählen', 1, 'root', '2011-03-21');
INSERT INTO ACCOUNTSTACKCD (ACCOUNTSTACKCDID, ACCOUNTSTACKID, CREDITDEBITNUMBER, CREDITDEBITNAME, CREDITDEBITVALUE, CREDITDEBITTAXTNAME, CREDITDEBITTYPE, CREATEDFROM, CREATEDDATE) VALUES(36, NULL, '135', 'Sozial Abgaben', 0, 'Bitte wählen', 1, 'root', '2011-03-21');
INSERT INTO ACCOUNTSTACKCD (ACCOUNTSTACKCDID, ACCOUNTSTACKID, CREDITDEBITNUMBER, CREDITDEBITNAME, CREDITDEBITVALUE, CREDITDEBITTAXTNAME, CREDITDEBITTYPE, CREATEDFROM, CREATEDDATE) VALUES(37, NULL, '136', 'Abschreibungen', 0, 'Bitte wählen', 1, 'root', '2011-03-21');
INSERT INTO ACCOUNTSTACKCD (ACCOUNTSTACKCDID, ACCOUNTSTACKID, CREDITDEBITNUMBER, CREDITDEBITNAME, CREDITDEBITVALUE, CREDITDEBITTAXTNAME, CREDITDEBITTYPE, CREATEDFROM, CREATEDDATE) VALUES(38, NULL, '137', 'Sonstige Abgaben', 0, 'Bitte wählen', 1, 'root', '2011-03-21');
INSERT INTO ACCOUNTSTACKCD (ACCOUNTSTACKCDID, ACCOUNTSTACKID, CREDITDEBITNUMBER, CREDITDEBITNAME, CREDITDEBITVALUE, CREDITDEBITTAXTNAME, CREDITDEBITTYPE, CREATEDFROM, CREATEDDATE) VALUES(39, NULL, '138', 'Leasing', 19, 'MwSt', 1, 'root', '2011-03-21');
INSERT INTO ACCOUNTSTACKCD (ACCOUNTSTACKCDID, ACCOUNTSTACKID, CREDITDEBITNUMBER, CREDITDEBITNAME, CREDITDEBITVALUE, CREDITDEBITTAXTNAME, CREDITDEBITTYPE, CREATEDFROM, CREATEDDATE) VALUES(40, NULL, '139', 'Raumkosten', 0, 'Bitte wählen', 1, 'root', '2011-03-21');
INSERT INTO ACCOUNTSTACKCD (ACCOUNTSTACKCDID, ACCOUNTSTACKID, CREDITDEBITNUMBER, CREDITDEBITNAME, CREDITDEBITVALUE, CREDITDEBITTAXTNAME, CREDITDEBITTYPE, CREATEDFROM, CREATEDDATE) VALUES(41, NULL, '140', 'Raumkosten MwSt 19%', 19, 'MwSt', 1, 'root', '2011-03-21');
INSERT INTO ACCOUNTSTACKCD (ACCOUNTSTACKCDID, ACCOUNTSTACKID, CREDITDEBITNUMBER, CREDITDEBITNAME, CREDITDEBITVALUE, CREDITDEBITTAXTNAME, CREDITDEBITTYPE, CREATEDFROM, CREATEDDATE) VALUES(42, NULL, '141', 'Gas, Strom, Wasser', 19, 'MwSt', 1, 'root', '2011-03-21');
INSERT INTO ACCOUNTSTACKCD (ACCOUNTSTACKCDID, ACCOUNTSTACKID, CREDITDEBITNUMBER, CREDITDEBITNAME, CREDITDEBITVALUE, CREDITDEBITTAXTNAME, CREDITDEBITTYPE, CREATEDFROM, CREATEDDATE) VALUES(43, NULL, '142', 'KFZ-Kosten', 19, 'MwSt', 1, 'root', '2011-03-21');
INSERT INTO ACCOUNTSTACKCD (ACCOUNTSTACKCDID, ACCOUNTSTACKID, CREDITDEBITNUMBER, CREDITDEBITNAME, CREDITDEBITVALUE, CREDITDEBITTAXTNAME, CREDITDEBITTYPE, CREATEDFROM, CREATEDDATE) VALUES(44, NULL, '143', 'KFZ-Reparaturkosten', 19, 'MwSt', 1, 'root', '2011-03-21');
INSERT INTO ACCOUNTSTACKCD (ACCOUNTSTACKCDID, ACCOUNTSTACKID, CREDITDEBITNUMBER, CREDITDEBITNAME, CREDITDEBITVALUE, CREDITDEBITTAXTNAME, CREDITDEBITTYPE, CREATEDFROM, CREATEDDATE) VALUES(45, NULL, '144', 'Laufende KFZ-Kosten', 0, 'Bitte wählen', 1, 'root', '2011-03-21');
INSERT INTO ACCOUNTSTACKCD (ACCOUNTSTACKCDID, ACCOUNTSTACKID, CREDITDEBITNUMBER, CREDITDEBITNAME, CREDITDEBITVALUE, CREDITDEBITTAXTNAME, CREDITDEBITTYPE, CREATEDFROM, CREATEDDATE) VALUES(46, NULL, '145', 'Mautgebühren', 19, 'MwSt', 1, 'root', '2011-03-21');
INSERT INTO ACCOUNTSTACKCD (ACCOUNTSTACKCDID, ACCOUNTSTACKID, CREDITDEBITNUMBER, CREDITDEBITNAME, CREDITDEBITVALUE, CREDITDEBITTAXTNAME, CREDITDEBITTYPE, CREATEDFROM, CREATEDDATE) VALUES(47, NULL, '146', 'Werbekosten', 19, 'MwSt', 1, 'root', '2011-03-21');
INSERT INTO ACCOUNTSTACKCD (ACCOUNTSTACKCDID, ACCOUNTSTACKID, CREDITDEBITNUMBER, CREDITDEBITNAME, CREDITDEBITVALUE, CREDITDEBITTAXTNAME, CREDITDEBITTYPE, CREATEDFROM, CREATEDDATE) VALUES(48, NULL, '147', 'Bewirtungskosten', 19, 'MwSt', 1, 'root', '2011-03-21');
INSERT INTO ACCOUNTSTACKCD (ACCOUNTSTACKCDID, ACCOUNTSTACKID, CREDITDEBITNUMBER, CREDITDEBITNAME, CREDITDEBITVALUE, CREDITDEBITTAXTNAME, CREDITDEBITTYPE, CREATEDFROM, CREATEDDATE) VALUES(49, NULL, '148', 'Reisekosten', 0, 'Bitte wählen', 1, 'root', '2011-03-21');
INSERT INTO ACCOUNTSTACKCD (ACCOUNTSTACKCDID, ACCOUNTSTACKID, CREDITDEBITNUMBER, CREDITDEBITNAME, CREDITDEBITVALUE, CREDITDEBITTAXTNAME, CREDITDEBITTYPE, CREATEDFROM, CREATEDDATE) VALUES(50, NULL, '149', 'Porto', 19, 'MwSt', 1, 'root', '2011-03-21');
INSERT INTO ACCOUNTSTACKCD (ACCOUNTSTACKCDID, ACCOUNTSTACKID, CREDITDEBITNUMBER, CREDITDEBITNAME, CREDITDEBITVALUE, CREDITDEBITTAXTNAME, CREDITDEBITTYPE, CREATEDFROM, CREATEDDATE) VALUES(51, NULL, '150', 'Telefonkosten', 19, 'MwSt', 1, 'root', '2011-03-21');
INSERT INTO ACCOUNTSTACKCD (ACCOUNTSTACKCDID, ACCOUNTSTACKID, CREDITDEBITNUMBER, CREDITDEBITNAME, CREDITDEBITVALUE, CREDITDEBITTAXTNAME, CREDITDEBITTYPE, CREATEDFROM, CREATEDDATE) VALUES(52, NULL, '151', 'Telefon und Internetkosten', 19, 'MwSt', 1, 'root', '2011-03-21');
INSERT INTO ACCOUNTSTACKCD (ACCOUNTSTACKCDID, ACCOUNTSTACKID, CREDITDEBITNUMBER, CREDITDEBITNAME, CREDITDEBITVALUE, CREDITDEBITTAXTNAME, CREDITDEBITTYPE, CREATEDFROM, CREATEDDATE) VALUES(53, NULL, '152', 'Bürobedarf', 19, 'MwSt', 1, 'root', '2011-03-21');
INSERT INTO ACCOUNTSTACKCD (ACCOUNTSTACKCDID, ACCOUNTSTACKID, CREDITDEBITNUMBER, CREDITDEBITNAME, CREDITDEBITVALUE, CREDITDEBITTAXTNAME, CREDITDEBITTYPE, CREATEDFROM, CREATEDDATE) VALUES(54, NULL, '153', 'Zeitschrift Abo Kosten', 19, 'MwSt', 1, 'root', '2011-03-21');
INSERT INTO ACCOUNTSTACKCD (ACCOUNTSTACKCDID, ACCOUNTSTACKID, CREDITDEBITNUMBER, CREDITDEBITNAME, CREDITDEBITVALUE, CREDITDEBITTAXTNAME, CREDITDEBITTYPE, CREATEDFROM, CREATEDDATE) VALUES(55, NULL, '154', 'Buchführungskosten', 19, 'MwSt', 1, 'root', '2011-03-21');
INSERT INTO ACCOUNTSTACKCD (ACCOUNTSTACKCDID, ACCOUNTSTACKID, CREDITDEBITNUMBER, CREDITDEBITNAME, CREDITDEBITVALUE, CREDITDEBITTAXTNAME, CREDITDEBITTYPE, CREATEDFROM, CREATEDDATE) VALUES(56, NULL, '155', 'Nebenkosten', 0, 'Bitte wählen', 1, 'root', '2011-03-21');
INSERT INTO ACCOUNTSTACKCD (ACCOUNTSTACKCDID, ACCOUNTSTACKID, CREDITDEBITNUMBER, CREDITDEBITNAME, CREDITDEBITVALUE, CREDITDEBITTAXTNAME, CREDITDEBITTYPE, CREATEDFROM, CREATEDDATE) VALUES(57, NULL, '156', 'Nicht abziehebare Vorsteuer', 0, 'Bitte wählen', 1, 'root', '2011-03-21');
INSERT INTO ACCOUNTSTACKCD (ACCOUNTSTACKCDID, ACCOUNTSTACKID, CREDITDEBITNUMBER, CREDITDEBITNAME, CREDITDEBITVALUE, CREDITDEBITTAXTNAME, CREDITDEBITTYPE, CREATEDFROM, CREATEDDATE) VALUES(58, NULL, '157', 'KFZ-Steuer', 0, 'Bitte wählen', 1, 'root', '2011-03-21');
INSERT INTO ACCOUNTSTACKCD (ACCOUNTSTACKCDID, ACCOUNTSTACKID, CREDITDEBITNUMBER, CREDITDEBITNAME, CREDITDEBITVALUE, CREDITDEBITTAXTNAME, CREDITDEBITTYPE, CREATEDFROM, CREATEDDATE) VALUES(59, NULL, '158', 'Steuer', 0, 'Bitte wählen', 1, 'root', '2011-03-21');

