INSERT INTO COMPANY (COMPANYID, COMPANYNUMBER, CUSTOMERNR, BEGINCHAR, `NAME`, NAME2, PHONE, FAX, EMAIL, EMPLOYEE, QUALIFICATION, CATEGORY, COOPERATION, ISLOCK, WEB, TAXNUMBER, DESCRIPTION, CREATEDFROM, CREATEDDATE, CHANGEDFROM, CHANGEDDATE, ISACTUAL) VALUES
(1, 1, 'ACV13244', 'B2B', 'EBI Neutrino R1 Open Source CRM ERP', 'Software Solution', '+49 8474 8493983', '+49 8474 8493983', 'info@ebineutrino.org', '200', 'A', 'B2B Cliente', 'Partner', false, 'www.ebineutrino.org', 'IVA392839389', 'EBI Neutrino R1 the open source crm erp frameLavoro', 'root', '2010-10-31', NULL, NULL, true);

INSERT INTO COMPANYACTIVITIES (ACTIVITYID, COMPANYID, ACTIVITYNAME, ACTIVITYTYPE, ACTIVITYSTATUS, DUEDATE, DURATION, ACOLOR, ACTIVITYCLOSEDATE, ACTIVITYISCLOSED, ACTIVITYDESCRIPTION, ISLOCK, CREATEDFROM, CREATEDDATE, CHANGEDFROM, CHANGEDDATE) VALUES
(1, 1, 'Scrivi EMail', 'EMail', 'Aperto', '2010-10-01 12:00:00', 30, '204,0,0', NULL, NULL, 'Write email to a Cliente', NULL, 'root', '2010-10-31', NULL, NULL),
(2, 1, 'Telefon Meeting', 'Meeting', 'Aperto', '2010-10-17 12:00:00', 20, '51,153,255', NULL, NULL, '', NULL, 'root', '2010-10-31', NULL, NULL),
(3, 1, 'Scrivi Lettera', 'Lettera', 'Aperto', '2010-10-13 12:00:00', 33, '5,125,255', NULL, NULL, 'write Lettera', NULL, 'root', '2010-10-31', NULL, NULL),
(4, 1, 'send a Fax', 'Fax', 'Aperto', '2010-10-31 12:00:00', 20, '102,255,102', NULL, NULL, 'send a fax', NULL, 'root', '2010-10-31', NULL, NULL);

INSERT INTO COMPANYACTIVITYSTATUS (ID, `NAME`) VALUES
(1, 'Aperto'),
(2, 'Chiuso');

INSERT INTO COMPANYACTIVITYTYPE (ID, `NAME`) VALUES
(1, 'EMail'),
(2, 'Fax'),
(3, 'Lettera'),
(4, 'Meeting'),
(5, 'Cliente');

INSERT INTO COMPANYADDRESS (ADDRESSID, COMPANYID, ADDRESSTYPE, STREET, ZIP, LOCATION, PBOX, COUNTRY, CREATEDFROM, CREATEDDATE, CHANGEDFROM, CHANGEDDATE) VALUES
(1, 1, 'Business', 'Newstreet', '3839898', 'New City', '9023983', 'NewCountry', 'root', '2010-10-31', NULL, NULL);

INSERT INTO COMPANYBANK (BANKID, COMPANYID, BANKNAME, BANKBSB, BANKACCOUNT, BANKBIC, BANKIBAN, BANKCOUNTRY, CREATEDFROM, CREATEDDATE, CHANGEDFROM, CHANGEDDATE) VALUES
(1, 1, 'New Bank', '98398398', '90389398', 'BIC09309309', 'IBAN034890309', 'New Country', 'root', '2010-10-31', NULL, NULL);

INSERT INTO COMPANYCATEGORY (ID, `NAME`) VALUES
(1, 'B2B Cliente'),
(2, 'B2C Cliente');

INSERT INTO COMPANYCLASSIFICATION (ID, `NAME`) VALUES
(1, 'A'),
(2, 'B'),
(3, 'C');

INSERT INTO COMPANYCONTACTS (CONTACTID, COMPANYID, MAINCONTACT, GENDER, TITLE, SURNAME, `NAME`, MITTELNAME, POSITION, BIRDDATE, PHONE, FAX, MOBILE, EMAIL, DESCRIPTION, CREATEDFROM, CREATEDDATE, CHANGEDFROM, CHANGEDDATE) VALUES
(1, 1, true, 'Mr', 'Prof.', 'Newone', 'James', '', 'CEO', '1960-01-29', '+49 8474 8493983', '+49 8474 8493983', '+49 8474 8493983', 'info@ebineutrino.org', 'CEO of company', 'root', '2010-10-31', NULL, NULL);

INSERT INTO COMPANYCONTACTADDRESS (ADDRESSID, CONTACTID, ADDRESSTYPE, STREET, ZIP, LOCATION, COUNTRY, PBOX, CREATEDFROM, CREATEDDATE, CHANGEDFROM, CHANGEDDATE) VALUES
(1, 1, 'Business', 'Newstreet', '3839898', 'New City', 'NewCountry', '9023983', 'root', '2010-10-31', NULL, NULL);

INSERT INTO COMPANYCOOPERATION (ID, `NAME`) VALUES
(1, 'Partner'),
(2, 'Rivenditore'),
(3, 'Venditore'),
(4, 'Provider');

INSERT INTO COMPANYMEETINGPROTOCOL (MEETINGPROTOCOLID, COMPANYID, MEETINGSUBJECT, MEETINGTYPE, PROTOCOL, METINGDATE, CREATEDFROM, CREATEDDATE, CHANGEDFROM, CHANGEDDATE) VALUES
(1, 1, 'Meeting about service', 'Meeting A', 'A meeting is a gathering of two or more people that has been convened for the purpose of achieving a common goal through verbal interaction, such as sharing information or reaching agreement. [2] Meetings may occur face to face or virtually, as mediated by communications technology, such as a telephone conference call, a skyped conference call or a videoconference.\n\nThus, a meeting may be distinguished from other gatherings, such as a chance encounter (not convened), a sports game or a concert (verbal interaction is incidental), a party or the company of friends (no common goal is to be achieved) and a demonstration (whose common goal is achieved mainly through the number of demonstrators present, not verbal interaction).', '2010-10-31', 'root', '2010-10-31', NULL, NULL),
(2, 1, 'New Meeting', 'Meeting B', 'A meeting is a gathering of two or more people that has been convened for the purpose of achieving a common goal through verbal interaction, such as sharing information or reaching agreement. [2] Meetings may occur face to face or virtually, as mediated by communications technology, such as a telephone conference call, a skyped conference call or a videoconference.\n\nThus, a meeting may be distinguished from other gatherings, such as a chance encounter (not convened), a sports game or a concert (verbal interaction is incidental), a party or the company of friends (no common goal is to be achieved) and a demonstration (whose common goal is achieved mainly through the number of demonstrators present, not verbal interaction).', '2010-10-31', 'root', '2010-10-31', NULL, NULL),
(3, 1, 'Meeting 2', 'Meeting C', 'Beginning with the early experimental Lavoro of the Gestaltists in Germany (e.g. Duncker, 1935 [2]), and continuing through the 1960s and early 1970s, research on problem solving typically conducted relatively simple, laboratory tasks (e.g. Duncker''s "X-ray" problem; Ewert & Lambert''s 1932 "disk" problem, later known as Tower of Hanoi) that appeared novel to participants (e.g. Mayer, 1992 [3]). Various reasons account for the choice of simple novel tasks: they had clearly defined optimal solutions, they were solvable within a relatively short time frame, researchers could trace participants'' problem-solving steps, and so on. The researchers made the underlying assumption, of course, that simple tasks such as the Tower of Hanoi captured the main properties of "real world" problems, and that the cognitive processes underlying participants'' attempts to solve simple problems were representative of the processes engaged in when solving "real world" problems. Thus researchers used simple problems for reasons of convenience, and thought generalizations to more complex problems would become possible. Perhaps the best-known and most impressive example of this line of research remains the Lavoro by Allen Newell and Herbert Simon [4].\n\n', NULL, 'root', '2010-10-31', NULL, NULL),
(4, 1, 'Meeting A', 'Meeting A', 'Meeting A', '2010-10-06', 'root', '2010-10-31', NULL, NULL),
(5, 1, 'Meeting B', 'Meeting B', 'Meeting B', NULL, 'root', '2010-10-31', NULL, NULL),
(6, 1, 'Meeting C', 'Meeting C', 'Meeting C', '2010-10-14', 'root', '2010-10-31', NULL, NULL);

INSERT INTO COMPANYMEETINGTYPE (ID, `NAME`) VALUES
(1, 'Meeting A'),
(2, 'Meeting B'),
(3, 'Meeting C');

INSERT INTO COMPANYNUMBER (ID, CATEGORYID, CATEGORY, BEGINCHAR, NUMBERFROM, NUMBERTO) VALUES
(1, 1, 'B2B Cliente', 'B2B', 1, 200);

INSERT INTO COMPANYOFFER (OFFERID, COMPANYID, OPPORTUNITYID, OFFERNR, `NAME`, `STATUS`, OFFERVERSION, OFFERDATE, VALIDTO, ISRECIEVED, DESCRIPTION, CREATEDFROM, CREATEDDATE, CHANGEDFROM, CHANGEDDATE) VALUES
(1, 1, 1, 'OFR239384', 'Opportunity ABC23494', 'Aperto', NULL, '2010-10-01', '2010-10-31', false, 'Opportunity ABC23494', 'root', '2010-10-31', NULL, NULL),
(2, 1, NULL, '234324', 'Opportunity ABDCE333', 'Accetato', NULL, '2010-10-07', '2010-10-07', false, 'Test opportunity', 'root', '2010-10-31', NULL, NULL);


INSERT INTO COMPANYOFFERPOSITIONS (POSITIONID, OFFERID, PRODUCTID, PRODUCTNR, DEDUCTION, PRODUCTNAME, QUANTITY, NETAMOUNT, PRETAX, TAXTYPE, `TYPE`, CATEGORY, DESCRIPTION, CREATEDFROM, CREATEDDATE, CHANGEDDATE, CHANGEDFROM) VALUES
(1, 1, NULL, 'FRT238383', '', 'Mela', 500, 2, 1.5, 'IVA', 'Mela', 'Frutta', 'Mela di qualitá', 'root', '2010-10-31', NULL, NULL),
(2, 2, NULL, 'FRT238383', '', 'Mela', 1, 2, 1.5, 'IVA', 'Mela', 'Frutta', 'Mela di qualitá', 'root', '2010-10-31', NULL, NULL);

INSERT INTO COMPANYOFFERRECEIVER (RECEIVERID, OFFERID, CNUM, RECEIVERVIA, GENDER, SURNAME, MITTELNAME, POSITION, EMAIL, PHONE, FAX, STREET, ZIP, LOCATION, PBOX, COUNTRY, CREATEDFROM, CREATEDDATE, `NAME`) VALUES
(1, 1, 1, 'EMail', 'Mr', 'Newone', NULL, 'CEO', 'info@ebineutrino.org', '+49 8474 8493983', '+49 8474 8493983', 'Newstreet', '3839898', 'New City', '9023983', 'NewCountry', 'root', '2010-10-31', 'James'),
(2, 2, 0, 'EMail', 'Mr', 'Newone', NULL, 'CEO', 'info@ebineutrino.org', '+49 8474 8493983', '+49 8474 8493983', 'Newstreet', '3839898', 'New City', '9023983', 'NewCountry', 'root', '2010-10-31', 'James');

INSERT INTO COMPANYOFFERSTATUS (ID, `NAME`) VALUES
(1, 'Aperto'),
(2, 'Chiuso'),
(3, 'Rifiutato'),
(4, 'Accetato'),
(5, 'Sconosciuto');

INSERT INTO COMPANYOPPORTUNITY (OPPORTUNITYID, COMPANYID, `NAME`, SALESTAGE, PROBABILITY, OPPORTUNITYVALUE, ISCLOSE, CLOSEDATE, BUSINESSTYPE, EVALUATIONSTATUS, EVALUETIONDATE, BUDGETSTATUS, BUDGETDATE, SALESTAGEDATE, OPPORTUNITYSTATUS, OPPORTUNITYSTATUSDATE, DESCRIPTION, CREATEDFROM, CREATEDDATE, CHANGEDFROM, CHANGEDDATE) VALUES
(1, 1, 'Opportunity ABC23494', 'Accetato', '50%', 22, false, NULL, 'Hardware', 'In progresso', '2010-10-31', 'ApproIVAo', '2010-10-31', '2010-10-31', 'ApproIVAo', '2010-10-31', 'Opportunity ABC23494', 'root', '2010-10-31', NULL, NULL),
(2, 1, 'Opportunity ABD383', 'Accetato', '10%', 324324, false, NULL, 'Hardware', 'Accetato', '2010-10-31', 'ApproIVAo', '2010-10-31', '2010-10-31', 'ApproIVAo', '2010-10-31', '', 'root', '2010-10-31', NULL, NULL);

INSERT INTO COMPANYOPPORTUNITYBGSTATUS (ID, `NAME`) VALUES
(1, 'In progresso'),
(2, 'Sconosciuto'),
(3, 'ApproIVAo');

INSERT INTO COMPANYOPPORTUNITYBUSTYP (ID, `NAME`) VALUES
(1, 'Software'),
(2, 'Hardware'),
(3, 'Meccanica'),
(4, 'Service');

INSERT INTO COMPANYOPPORTUNITYCONTACT (OPPORTUNITYCONTACTID, OPPORTUNITYID, POS, GENDER, SURNAME, `NAME`, MITTELNAME, POSITION, BIRDDATE, PHONE, FAX, MOBILE, EMAIL, DESCRIPTION, CREATEDFROM, CREATEDDATE, CHANGEDFROM, CHANGEDDATE) VALUES
(1, 1, NULL, 'Mr', 'Newone', 'James', NULL, 'CEO', '1960-01-29', '+49 8474 8493983', '+49 8474 8493983', '+49 8474 8493983', 'info@ebineutrino.org', 'CEO of company', 'root', '2010-10-31', NULL, NULL),
(2, 2, NULL, 'Mr', 'Newone', 'James', NULL, 'CEO', '1960-01-29', '+49 8474 8493983', '+49 8474 8493983', '+49 8474 8493983', 'info@ebineutrino.org', 'CEO of company', 'root', '2010-10-31', NULL, NULL);

INSERT INTO COMPANYOPPORTUNITYEVSTATUS (ID, `NAME`) VALUES
(1, 'In progresso'),
(2, 'Accetato'),
(3, 'start'),
(4, 'end'),
(5, 'Sconosciuto');

INSERT INTO COMPANYOPPORTUNITYSSTAGE (ID, `NAME`) VALUES
(1, 'Accetato'),
(2, 'Rifiutato'),
(3, 'In progresso'),
(4, 'Chiuso');

INSERT INTO COMPANYOPPORTUNITYSTATUS (ID, `NAME`) VALUES
(1, 'Aperto'),
(2, 'Chiuso'),
(3, 'Successo');

INSERT INTO COMPANYORDER (ORDERID, COMPANYID, ORDERNR, OFFERID, `NAME`, INVOICECREATED, `STATUS`, ORDERVERSION, OFFERDATE, VALIDTO, ISRECIEVED, DESCRIPTION, CREATEDFROM, CREATEDDATE, CHANGEDFROM, CHANGEDDATE) VALUES
(1, 1, 'ORD239384', 1, 'Ordine ABC23494', NULL, 'Aperto', NULL, '2010-10-01', '2010-10-31', false, 'Opportunity ABC23494', 'root', '2010-10-31', 'root', '2010-10-31'),
(2, 1, '234324', 2, 'Ordine', NULL, 'Accetato', NULL, '2010-10-19', '2010-10-27', false, 'dsfadsfsadfsadf dsfsdfdsf', 'root', '2010-10-31', NULL, NULL);

INSERT INTO COMPANYORDERPOSITIONS (POSITIONID, ORDERID, PRODUCTID, DEDUCTION, PRODUCTNR, PRODUCTNAME, QUANTITY, NETAMOUNT, PRETAX, TAXTYPE, `TYPE`, CATEGORY, DESCRIPTION, CREATEDFROM, CREATEDDATE, CHANGEDDATE, CHANGEDFROM) VALUES
(1, 1, NULL, '', 'FRT238383', 'Mela', 500, 2, 1.5, 'IVA', 'Mela', 'Frutta', 'Mela di qualitá', NULL, NULL, NULL, NULL),
(4, 2, NULL, '', 'FRT238383', 'Mela', 1, 2, 1.5, 'IVA', 'Mela', 'Frutta', 'Mela di qualitá', 'root', '2010-10-31', NULL, NULL);

INSERT INTO COMPANYORDERRECEIVER (RECEIVERID, ORDERID, CNUM, RECEIVERVIA, GENDER, SURNAME, `NAME`, MITTELNAME, POSITION, EMAIL, PHONE, FAX, STREET, ZIP, LOCATION, PBOX, COUNTRY, CREATEDFROM, CREATEDDATE, CHANGEDFROM, CHANGEDDATE) VALUES
(1, 1, NULL, 'EMail', 'Mr', 'Newone', 'James', NULL, 'CEO', 'info@ebineutrino.org', NULL, '+49 8474 8493983', 'Newstreet', '3839898', 'New City', '9023983', 'NewCountry', NULL, NULL, NULL, NULL),
(3, 2, 0, 'EMail', 'Mr', 'Newone', 'James', NULL, 'CEO', 'info@ebineutrino.org', '+49 8474 8493983', '+49 8474 8493983', 'Newstreet', '3839898', 'New City', '9023983', 'NewCountry', 'root', '2010-10-31', NULL, NULL);

INSERT INTO COMPANYORDERSTATUS (ID, `NAME`) VALUES
(1, 'Aperto'),
(2, 'Chiuso'),
(3, 'Accetato'),
(4, 'Rifiutato'),
(5, 'Sconosciuto');

INSERT INTO COMPANYPRODUCTCATEGORY (ID, `NAME`) VALUES
(1, 'Hardware'),
(2, 'Software'),
(3, 'Meccanica'),
(4, 'Service'),
(5, 'Frutta');

INSERT INTO COMPANYPRODUCTTAX (ID, `NAME`, TAXVALUE, CREATEDDATE, CREATEDFROM, CHANGEDDATE, CHANGEDFROM) VALUES
(1, 'IVA', 20, '2010-10-30', 'root', NULL, NULL);

INSERT INTO COMPANYPRODUCTTAXVALUE (ID, `NAME`) VALUES
(1, 'IVA');

INSERT INTO COMPANYPRODUCTTYPE (ID, `NAME`) VALUES
(1, 'Mainbord'),
(2, 'Motori'),
(3, 'Freni'),
(4, 'Windows'),
(5, 'Linux'),
(6, 'Support'),
(7, 'Mela'),
(8, 'Pommodori');

INSERT INTO COMPANYSERVICE (SERVICEID, COMPANYID, SERVICENR, `NAME`, CATEGORY, `TYPE`, `STATUS`, DESCRIPTION, CREATEDFROM, CREATEDDATE, CHANGEDFROM, CHANGEDDATE) VALUES
(1, 1, 'ORD239384', 'Ordine ABC23494', 'Frutta', 'Mela', 'Aperto', 'Opportunity ABC23494', 'root', '2010-10-31', NULL, NULL),
(2, 1, '234324ddd', 'Service 1', 'Frutta', 'Mela', 'Aperto', 'Test service', 'root', '2010-10-31', NULL, NULL);

INSERT INTO COMPANYSERVICECATEGORY (ID, `NAME`) VALUES
(1, 'Frutta'),
(2, 'Hardware'),
(3, 'Software'),
(4, 'Meccanica');

INSERT INTO COMPANYSERVICEPOSITIONS (POSITIONID, SERVICEID, PRODUCTID, DEDUCTION, PRODUCTNR, PRODUCTNAME, QUANTITY, NETAMOUNT, PRETAX, TAXTYPE, `TYPE`, CATEGORY, DESCRIPTION, CREATEDFROM, CREATEDDATE, CHANGEDDATE, CHANGEDFROM) VALUES
(1, 1, NULL, '', 'FRT238383', 'Mela', 500, 2, 1.5, 'IVA', 'Mela', 'Frutta', 'Mela di qualitá', NULL, NULL, NULL, NULL),
(3, 2, NULL, '', 'FRT238383', 'Mela', 1, 2, 1.5, 'IVA', 'Mela', 'Frutta', 'Mela di qualitá', 'root', '2010-10-31', NULL, NULL);

INSERT INTO COMPANYSERVICEPSOL (PROSOLID, SERVICEID, SOLUTIONNR, `NAME`, CLASSIFICATION, CATEGORY, `TYPE`, `STATUS`, DESCRIPTION, CREATEDFROM, CREATEDDATE, CHANGEDFROM, CHANGEDDATE) VALUES
(1, 1, 'PRO938494', 'Frutta', 'Scegli', 'Frutta', 'Friut Service', 'Aperto', 'Problem solving is a mental process and is part of the larger problem process that includes problem finding and problem shaping. \nConsidered the most complex of all intellectual functions, problem solving has been defined as higher-Ordine cognitive process that requires the modulation and \ncontrol of more routine or fundamental skills.[1] Problem solving occurs when an organism or an artificial intelligence system needs to move from a given state to a desired goal state.', 'root', '2010-10-31', NULL, NULL),
(3, 2, 'PRO938494', 'Frutta', 'Scegli', 'Frutta', 'Friut Service', 'Aperto', 'Problem solving is a mental process and is part of the larger problem process that includes problem finding and problem shaping. \nConsidered the most complex of all intellectual functions, problem solving has been defined as higher-Ordine cognitive process that requires the modulation and \ncontrol of more routine or fundamental skills.[1] Problem solving occurs when an organism or an artificial intelligence system needs to move from a given state to a desired goal state.', 'root', '2010-10-31', NULL, NULL);

INSERT INTO COMPANYSERVICESTATUS (ID, `NAME`) VALUES
(1, 'Aperto'),
(2, 'Chiuso'),
(3, 'Rifiutato');

INSERT INTO COMPANYSERVICETYPE (ID, `NAME`) VALUES
(1, 'Mela'),
(2, 'Software bug'),
(3, 'Hardware bug'),
(4, 'Meccanica problema');

INSERT INTO CRMADDRESSTYPE (ID, `NAME`) VALUES
(1, 'Home'),
(2, 'Consegna'),
(3, 'Business'),
(4, 'Privato');

INSERT INTO CRMINVOICE (INVOICEID, ASSOSIATION, INVOICENR, BEGINCHAR, `NAME`, `STATUS`, CATEGORY, `DATE`, TAXTYPE, GENDER, POSITION, COMPANYNAME, CONTACTNAME, CONTACTSURNAME, CONTACTSTREET, CONTACTZIP, CONTACTLOCATION, CONTACTPOSTCODE, CONTACTCOUNTRY, CONTACTTELEPHONE, CONTACTFAX, CONTACTEMAIL, CONTACTWEB, CONTACTDESCRIPTION, CREATEDDATE, CREATEDFROM, CHANGEDDATE, CHANGEDFROM) VALUES
(1, 'Ordine: 1', 3000, 'FRT', 'Invoice ABC23494', 'Aperto', 'Frutta', '2010-10-31', 'IVA', 'Mr', 'CEO', 'EBI Neutrino R1 Open Source CRM ERP', 'James', 'Newone', 'Newstreet', '3839898', 'New City', '9023983', 'NewCountry', '', '+49 8474 8493983', 'info@ebineutrino.org', 'www.ebineutrino.org', 'Some description', '2010-10-31', 'root', NULL, NULL),
(2, 'Service: 2', 3001, 'FRT', 'Test', 'Aperto', 'Frutta', '2010-10-31', 'Scegli', 'Mr', 'CEO', 'EBI Neutrino R1 Open Source CRM ERP', 'James', 'Newone', 'Newstreet', '3839898', 'New City', '9023983', 'NewCountry', '+49 8474 8493983', '+49 8474 8493983', 'info@ebineutrino.org', 'www.ebineutrino.org', 'CEO of company', '2010-10-31', 'root', NULL, NULL);

INSERT INTO CRMINVOICECATEGORY (ID, `NAME`) VALUES
(1, 'Hardware'),
(2, 'Software'),
(3, 'Meccanica'),
(4, 'Frutta'),
(5, 'Service'),
(6, 'Cash');

INSERT INTO CRMINVOICENUMBER (ID, CATEGORYID, CATEGORY, BEGINCHAR, NUMBERFROM, NUMBERTO) VALUES
(1, 1, 'Hardware', 'HRD', 1, 1000),
(2, 2, 'Software', 'SOFT', 1000, 2000),
(3, 3, 'Meccanica', 'MEC', 2000, 3000),
(4, 4, 'Frutta', 'FRT', 3000, 4000),
(5, 5, 'Service', 'SERV', 4000, 5000),
(6, 6, 'Cash', 'CSH', 5000, 100000);

INSERT INTO CRMINVOICEPOSITION (POSITIONID, INVOICEID, PRODUCTID, DEDUCTION, PRODUCTNR, PRODUCTNAME, QUANTITY, NETAMOUNT, PRETAX, TAXTYPE, `TYPE`, CATEGORY, DESCRIPTION, CREATEDFROM, CREATEDDATE, CHANGEDDATE, CHANGEDFROM) VALUES
(1, 1, NULL, '', 'FRT238383', 'Mela', 500, 2, 1.5, 'IVA', 'Mela', 'Frutta', 'Mela di qualitá', 'root', '2010-10-31', NULL, NULL),
(3, 2, NULL, '', 'FRT238383', 'Mela', 1, 2, 1.5, 'IVA', 'Mela', 'Frutta', 'Mela di qualitá', 'root', '2010-10-31', NULL, NULL);

INSERT INTO CRMINVOICESTATUS (ID, `NAME`) VALUES
(1, 'Aperto'),
(2, 'Chiuso'),
(3, 'Pagato'),
(4, 'Consegnato');

INSERT INTO CRMPROBLEMSOLCATEGORY (ID, `NAME`) VALUES
(1, 'Hardware'),
(2, 'Software'),
(3, 'Meccanica'),
(4, 'Frutta'),
(5, 'Support');

INSERT INTO CRMPROBLEMSOLCLASS (ID, `NAME`) VALUES
(1, 'A'),
(2, 'B'),
(3, 'C');

INSERT INTO CRMPROBLEMSOLSTATUS (ID, `NAME`) VALUES
(1, 'Aperto'),
(2, 'Chiuso'),
(3, 'Rifiutato');

INSERT INTO CRMPROBLEMSOLTYPE (ID, `NAME`) VALUES
(1, 'Software Service'),
(2, 'Hardware Service'),
(3, 'Frutta Service'),
(4, 'Meccanica Service');

INSERT INTO CRMPROBLEMSOLUTIONS (PROSOLID, SERVICENR, `NAME`, CLASSIFICATION, CATEGORY, `TYPE`, `STATUS`, DESCRIPTION, CREATEDFROM, CREATEDDATE, CHANGEDFROM, CHANGEDDATE) VALUES
(1, 'PRO938494', 'Frutta', 'Scegli', 'Frutta', 'Friut Service', 'Aperto', 'Problem solving is a mental process and is part of the larger problem process that includes problem finding and problem shaping. \nConsidered the most complex of all intellectual functions, problem solving has been defined as higher-Ordine cognitive process that requires the modulation and \ncontrol of more routine or fundamental skills.[1] Problem solving occurs when an organism or an artificial intelligence system needs to move from a given state to a desired goal state.', 'root', '2010-10-31', NULL, NULL);

INSERT INTO CRMPROBLEMSOLPOSITION (PRODUCTID, SOLUTIONID, CREATEDDATE, CREATEDFROM, CHANGEDDATE, CHANGEDFROM, PRODUCTNR, PRODUCTNAME, CATEGORY, `TYPE`, TAXTYPE, NETAMOUNT, PRETAX, DIPENDENCYID, DIMENSIONID, PICTURE, PICTURENAME, DESCRIPTION) VALUES
(1, 1, '2010-10-31', 'root', NULL, NULL, 'FRT238383', 'Mela', 'Frutta', 'Mela', 'IVA', 2, 1.5, NULL, NULL, NULL, NULL, 'Mela di qualitá');

INSERT INTO CRMPRODUCTDIMENSION (DIMENSIONID, PRODUCTID, CREATEDDATE, CREATEDFROM, CHANGEDDATE, CHANGEDFROM, `NAME`, `VALUE`) VALUES
(1, 1, '2010-10-30', 'root', NULL, NULL, 'Quantitá', '10 kg'),
(2, 1, '2010-10-30', 'root', NULL, NULL, 'Dimensioni', '2 cm'),
(3, 1, '2010-10-30', 'root', NULL, NULL, 'Misura', '1,50');

INSERT INTO CRMPRODUCTDIMENSIONS (ID, `NAME`) VALUES
(1, 'Misura'),
(2, 'Quantitá'),
(3, 'Dimensionii'),
(4, 'Peso'),
(5, 'Extra'),
(6, 'Colore'),
(7, 'Sconto');

INSERT INTO CRMPROJECTCOSTS (ID, `NAME`) VALUES
(1, 'Pianificazione'),
(2, 'Sviluppo'),
(3, 'Service'),
(4, 'Lavoro'),
(5, 'Support');

INSERT INTO CRMPROJECTPROPS (ID, `NAME`) VALUES
(1, 'Time'),
(2, 'Duration'),
(3, 'Misura'),
(4, 'Employee'),
(5, 'Dimensioni'),
(6, 'Extras'),
(7, 'Extras1');

INSERT INTO CRMPROJECTSTATUS (ID, `NAME`) VALUES
(1, 'Aperto'),
(2, 'Chiuso'),
(3, 'In progresso'),
(4, 'Rifiutato'),
(5, 'Successo');

INSERT INTO CRMPROJECTTASKSTATUS (ID, `NAME`) VALUES
(1, 'Aperto'),
(2, 'Chiuso'),
(3, 'Concluso'),
(4, 'Sconosciuto');

INSERT INTO CRMPROJECTTASKTYPE (ID, `NAME`) VALUES
(1, 'Service Hardware '),
(2, 'Supporto Hadware '),
(3, 'Sviluppo Hardware'),
(4, 'Software Service'),
(5, 'Software Support'),
(6, 'Sviluppo'),
(7, 'Pianificazione'),
(8, 'Lovoro'),
(9, 'Supporto'),
(10, 'Service');

INSERT INTO COMPANYMEETINGCONTACTS (MEETINGCONTACTID, MEETINGID, POS, GENDER, SURNAME, `NAME`, MITTELNAME, POSITION, BIRDDATE, PHONE, FAX, MOBILE, EMAIL, DESCRIPTION, CREATEDFROM, CREATEDDATE, CHANGEDFROM, CHANGEDDATE) VALUES
(1, 1, NULL, 'Mr', 'Newone', 'James', NULL, 'CEO', '1960-01-29', '+49 8474 8493983', '+49 8474 8493983', '+49 8474 8493983', 'info@ebineutrino.org', 'CEO of company', 'root', '2010-10-31', NULL, NULL),
(2, 2, NULL, 'Mr', 'Newone', 'James', NULL, 'CEO', '1960-01-29', '+49 8474 8493983', '+49 8474 8493983', '+49 8474 8493983', 'info@ebineutrino.org', 'CEO of company', 'root', '2010-10-31', NULL, NULL),
(3, 3, NULL, 'Mr', 'Newone', 'James', NULL, 'CEO', '1960-01-29', '+49 8474 8493983', '+49 8474 8493983', '+49 8474 8493983', 'info@ebineutrino.org', 'CEO of company', 'root', '2010-10-31', NULL, NULL),
(4, 4, NULL, 'Mr', 'Newone', 'James', NULL, 'CEO', '1960-01-29', '+49 8474 8493983', '+49 8474 8493983', '+49 8474 8493983', 'info@ebineutrino.org', 'CEO of company', 'root', '2010-10-31', NULL, NULL),
(5, 5, NULL, 'Mr', 'Newone', 'James', NULL, 'CEO', '1960-01-29', '+49 8474 8493983', '+49 8474 8493983', '+49 8474 8493983', 'info@ebineutrino.org', 'CEO of company', 'root', '2010-10-31', NULL, NULL),
(6, 6, NULL, 'Mr', 'Newone', 'James', NULL, 'CEO', '1960-01-29', '+49 8474 8493983', '+49 8474 8493983', '+49 8474 8493983', 'info@ebineutrino.org', 'CEO of company', 'root', '2010-10-31', NULL, NULL);

INSERT INTO ACCOUNTSTACKCD (ACCOUNTSTACKCDID, ACCOUNTSTACKID, CREDITDEBITNUMBER, CREDITDEBITNAME, CREDITDEBITVALUE, CREDITDEBITTAXTNAME, CREDITDEBITTYPE, CREATEDFROM, CREATEDDATE) VALUES(1, NULL, '100', 'IT Software', 20, 'IVA', 1, 'root', '2011-03-21');
INSERT INTO ACCOUNTSTACKCD (ACCOUNTSTACKCDID, ACCOUNTSTACKID, CREDITDEBITNUMBER, CREDITDEBITNAME, CREDITDEBITVALUE, CREDITDEBITTAXTNAME, CREDITDEBITTYPE, CREATEDFROM, CREATEDDATE) VALUES(2, NULL, '101', 'Concessioni', 20, 'IVA', 1, 'root', '2011-03-21');
INSERT INTO ACCOUNTSTACKCD (ACCOUNTSTACKCDID, ACCOUNTSTACKID, CREDITDEBITNUMBER, CREDITDEBITNAME, CREDITDEBITVALUE, CREDITDEBITTAXTNAME, CREDITDEBITTYPE, CREATEDFROM, CREATEDDATE) VALUES(3, NULL, '102', 'License contratti', 20, 'IVA', 1, 'root', '2011-03-21');
INSERT INTO ACCOUNTSTACKCD (ACCOUNTSTACKCDID, ACCOUNTSTACKID, CREDITDEBITNUMBER, CREDITDEBITNAME, CREDITDEBITVALUE, CREDITDEBITTAXTNAME, CREDITDEBITTYPE, CREATEDFROM, CREATEDDATE) VALUES(4, NULL, '103', 'Valori aziendali', 20, 'IVA', 1, 'root', '2011-03-21');
INSERT INTO ACCOUNTSTACKCD (ACCOUNTSTACKCDID, ACCOUNTSTACKID, CREDITDEBITNUMBER, CREDITDEBITNAME, CREDITDEBITVALUE, CREDITDEBITTAXTNAME, CREDITDEBITTYPE, CREATEDFROM, CREATEDDATE) VALUES(5, NULL, '104', 'Costruzzioni', 20, 'IVA', 1, 'root', '2011-03-21');
INSERT INTO ACCOUNTSTACKCD (ACCOUNTSTACKCDID, ACCOUNTSTACKID, CREDITDEBITNUMBER, CREDITDEBITNAME, CREDITDEBITVALUE, CREDITDEBITTAXTNAME, CREDITDEBITTYPE, CREATEDFROM, CREATEDDATE) VALUES(6, NULL, '105', 'Garage', 0, 'Scegli', 1, 'root', '2011-03-21');
INSERT INTO ACCOUNTSTACKCD (ACCOUNTSTACKCDID, ACCOUNTSTACKID, CREDITDEBITNUMBER, CREDITDEBITNAME, CREDITDEBITVALUE, CREDITDEBITTAXTNAME, CREDITDEBITTYPE, CREATEDFROM, CREATEDDATE) VALUES(7, NULL, '106', 'Macchine', 20, 'IVA', 1, 'root', '2011-03-21');
INSERT INTO ACCOUNTSTACKCD (ACCOUNTSTACKCDID, ACCOUNTSTACKID, CREDITDEBITNUMBER, CREDITDEBITNAME, CREDITDEBITVALUE, CREDITDEBITTAXTNAME, CREDITDEBITTYPE, CREATEDFROM, CREATEDDATE) VALUES(8, NULL, '107', 'Apparecchiature', 20, 'IVA', 1, 'root', '2011-03-21');
INSERT INTO ACCOUNTSTACKCD (ACCOUNTSTACKCDID, ACCOUNTSTACKID, CREDITDEBITNUMBER, CREDITDEBITNAME, CREDITDEBITVALUE, CREDITDEBITTAXTNAME, CREDITDEBITTYPE, CREATEDFROM, CREATEDDATE) VALUES(9, NULL, '108', 'Auto', 20, 'IVA', 1, 'root', '2011-03-21');
INSERT INTO ACCOUNTSTACKCD (ACCOUNTSTACKCDID, ACCOUNTSTACKID, CREDITDEBITNUMBER, CREDITDEBITNAME, CREDITDEBITVALUE, CREDITDEBITTAXTNAME, CREDITDEBITTYPE, CREATEDFROM, CREATEDDATE) VALUES(10, NULL, '109', 'Camion', 20, 'IVA', 1, 'root', '2011-03-21');
INSERT INTO ACCOUNTSTACKCD (ACCOUNTSTACKCDID, ACCOUNTSTACKID, CREDITDEBITNUMBER, CREDITDEBITNAME, CREDITDEBITVALUE, CREDITDEBITTAXTNAME, CREDITDEBITTYPE, CREATEDFROM, CREATEDDATE) VALUES(11, NULL, '110', 'Arredamenti', 20, 'IVA', 1, 'root', '2011-03-21');
INSERT INTO ACCOUNTSTACKCD (ACCOUNTSTACKCDID, ACCOUNTSTACKID, CREDITDEBITNUMBER, CREDITDEBITNAME, CREDITDEBITVALUE, CREDITDEBITTAXTNAME, CREDITDEBITTYPE, CREATEDFROM, CREATEDDATE) VALUES(12, NULL, '111', 'Arredamenti ufficio', 20, 'IVA', 1, 'root', '2011-03-21');
INSERT INTO ACCOUNTSTACKCD (ACCOUNTSTACKCDID, ACCOUNTSTACKID, CREDITDEBITNUMBER, CREDITDEBITNAME, CREDITDEBITVALUE, CREDITDEBITTAXTNAME, CREDITDEBITTYPE, CREATEDFROM, CREATEDDATE) VALUES(13, NULL, '112', 'Attrezzatura', 20, 'IVA', 1, 'root', '2011-03-21');
INSERT INTO ACCOUNTSTACKCD (ACCOUNTSTACKCDID, ACCOUNTSTACKID, CREDITDEBITNUMBER, CREDITDEBITNAME, CREDITDEBITVALUE, CREDITDEBITTAXTNAME, CREDITDEBITTYPE, CREATEDFROM, CREATEDDATE) VALUES(14, NULL, '113', 'Partecipazione', 0, 'Scegli', 1, 'root', '2011-03-21');
INSERT INTO ACCOUNTSTACKCD (ACCOUNTSTACKCDID, ACCOUNTSTACKID, CREDITDEBITNUMBER, CREDITDEBITNAME, CREDITDEBITVALUE, CREDITDEBITTAXTNAME, CREDITDEBITTYPE, CREATEDFROM, CREATEDDATE) VALUES(15, NULL, '114', 'Prestito Credito', 0, 'Scegli', 2, 'root', '2011-03-21');
INSERT INTO ACCOUNTSTACKCD (ACCOUNTSTACKCDID, ACCOUNTSTACKID, CREDITDEBITNUMBER, CREDITDEBITNAME, CREDITDEBITVALUE, CREDITDEBITTAXTNAME, CREDITDEBITTYPE, CREATEDFROM, CREATEDDATE) VALUES(16, NULL, '115', 'Prestito Debito', 0, 'Scegli', 1, 'root', '2011-03-21');
INSERT INTO ACCOUNTSTACKCD (ACCOUNTSTACKCDID, ACCOUNTSTACKID, CREDITDEBITNUMBER, CREDITDEBITNAME, CREDITDEBITVALUE, CREDITDEBITTAXTNAME, CREDITDEBITTYPE, CREATEDFROM, CREATEDDATE) VALUES(17, NULL, '116', 'Mutuo', 0, 'Scegli', 1, 'root', '2011-03-21');
INSERT INTO ACCOUNTSTACKCD (ACCOUNTSTACKCDID, ACCOUNTSTACKID, CREDITDEBITNUMBER, CREDITDEBITNAME, CREDITDEBITVALUE, CREDITDEBITTAXTNAME, CREDITDEBITTYPE, CREATEDFROM, CREATEDDATE) VALUES(18, NULL, '117', 'Anticipi 20% IVA', 20, 'IVA', 1, 'root', '2011-03-21');
INSERT INTO ACCOUNTSTACKCD (ACCOUNTSTACKCDID, ACCOUNTSTACKID, CREDITDEBITNUMBER, CREDITDEBITNAME, CREDITDEBITVALUE, CREDITDEBITTAXTNAME, CREDITDEBITTYPE, CREATEDFROM, CREATEDDATE) VALUES(19, NULL, '118', 'Tassa trasito soldi', 0, 'Scegli', 1, 'root', '2011-03-21');
INSERT INTO ACCOUNTSTACKCD (ACCOUNTSTACKCDID, ACCOUNTSTACKID, CREDITDEBITNUMBER, CREDITDEBITNAME, CREDITDEBITVALUE, CREDITDEBITTAXTNAME, CREDITDEBITTYPE, CREATEDFROM, CREATEDDATE) VALUES(20, NULL, '119', 'Sovrascrizione', 0, 'Scegli', 2, 'root', '2011-03-21');
INSERT INTO ACCOUNTSTACKCD (ACCOUNTSTACKCDID, ACCOUNTSTACKID, CREDITDEBITNUMBER, CREDITDEBITNAME, CREDITDEBITVALUE, CREDITDEBITTAXTNAME, CREDITDEBITTYPE, CREATEDFROM, CREATEDDATE) VALUES(21, NULL, '120', 'Assegno', 0, 'Scegli', 2, 'root', '2011-03-21');
INSERT INTO ACCOUNTSTACKCD (ACCOUNTSTACKCDID, ACCOUNTSTACKID, CREDITDEBITNUMBER, CREDITDEBITNAME, CREDITDEBITVALUE, CREDITDEBITTAXTNAME, CREDITDEBITTYPE, CREATEDFROM, CREATEDDATE) VALUES(22, NULL, '121', 'Cassa', 0, 'Scegli', 1, 'root', '2011-03-21');
INSERT INTO ACCOUNTSTACKCD (ACCOUNTSTACKCDID, ACCOUNTSTACKID, CREDITDEBITNUMBER, CREDITDEBITNAME, CREDITDEBITVALUE, CREDITDEBITTAXTNAME, CREDITDEBITTYPE, CREATEDFROM, CREATEDDATE) VALUES(23, NULL, '122', 'Banca 1', 100, 'Scegli', 3, 'root', '2011-03-21');
INSERT INTO ACCOUNTSTACKCD (ACCOUNTSTACKCDID, ACCOUNTSTACKID, CREDITDEBITNUMBER, CREDITDEBITNAME, CREDITDEBITVALUE, CREDITDEBITTAXTNAME, CREDITDEBITTYPE, CREATEDFROM, CREATEDDATE) VALUES(24, NULL, '123', 'Banca 2', 100, 'Scegli', 3, 'root', '2011-03-21');
INSERT INTO ACCOUNTSTACKCD (ACCOUNTSTACKCDID, ACCOUNTSTACKID, CREDITDEBITNUMBER, CREDITDEBITNAME, CREDITDEBITVALUE, CREDITDEBITTAXTNAME, CREDITDEBITTYPE, CREATEDFROM, CREATEDDATE) VALUES(25, NULL, '124', 'Titoli, valori', 0, 'Scegli', 1, 'root', '2011-03-21');
INSERT INTO ACCOUNTSTACKCD (ACCOUNTSTACKCDID, ACCOUNTSTACKID, CREDITDEBITNUMBER, CREDITDEBITNAME, CREDITDEBITVALUE, CREDITDEBITTAXTNAME, CREDITDEBITTYPE, CREATEDFROM, CREATEDDATE) VALUES(26, NULL, '125', 'Tassa IVA 20%', 20, 'IVA', 1, 'root', '2011-03-21');
INSERT INTO ACCOUNTSTACKCD (ACCOUNTSTACKCDID, ACCOUNTSTACKID, CREDITDEBITNUMBER, CREDITDEBITNAME, CREDITDEBITVALUE, CREDITDEBITTAXTNAME, CREDITDEBITTYPE, CREATEDFROM, CREATEDDATE) VALUES(27, NULL, '126', 'Ricavati', 20, 'IVA', 2, 'root', '2011-03-21');
INSERT INTO ACCOUNTSTACKCD (ACCOUNTSTACKCDID, ACCOUNTSTACKID, CREDITDEBITNUMBER, CREDITDEBITNAME, CREDITDEBITVALUE, CREDITDEBITTAXTNAME, CREDITDEBITTYPE, CREATEDFROM, CREATEDDATE) VALUES(28, NULL, '127', 'Ricavati da', 20, 'IVA', 2, 'root', '2011-03-21');
INSERT INTO ACCOUNTSTACKCD (ACCOUNTSTACKCDID, ACCOUNTSTACKID, CREDITDEBITNUMBER, CREDITDEBITNAME, CREDITDEBITVALUE, CREDITDEBITTAXTNAME, CREDITDEBITTYPE, CREATEDFROM, CREATEDDATE) VALUES(29, NULL, '128', 'Privisioni', 20, 'IVA', 2, 'root', '2011-03-21');
INSERT INTO ACCOUNTSTACKCD (ACCOUNTSTACKCDID, ACCOUNTSTACKID, CREDITDEBITNUMBER, CREDITDEBITNAME, CREDITDEBITVALUE, CREDITDEBITTAXTNAME, CREDITDEBITTYPE, CREATEDFROM, CREATEDDATE) VALUES(30, NULL, '129', 'Preglievo', 0, 'Scegli', 1, 'root', '2011-03-21');
INSERT INTO ACCOUNTSTACKCD (ACCOUNTSTACKCDID, ACCOUNTSTACKID, CREDITDEBITNUMBER, CREDITDEBITNAME, CREDITDEBITVALUE, CREDITDEBITTAXTNAME, CREDITDEBITTYPE, CREATEDFROM, CREATEDDATE) VALUES(31, NULL, '130', 'Sconto', 0, 'Scegli', 1, 'root', '2011-03-21');
INSERT INTO ACCOUNTSTACKCD (ACCOUNTSTACKCDID, ACCOUNTSTACKID, CREDITDEBITNUMBER, CREDITDEBITNAME, CREDITDEBITVALUE, CREDITDEBITTAXTNAME, CREDITDEBITTYPE, CREATEDFROM, CREATEDDATE) VALUES(32, NULL, '131', 'Sconti ricevuti', 0, 'Scegli', 2, 'root', '2011-03-21');
INSERT INTO ACCOUNTSTACKCD (ACCOUNTSTACKCDID, ACCOUNTSTACKID, CREDITDEBITNUMBER, CREDITDEBITNAME, CREDITDEBITVALUE, CREDITDEBITTAXTNAME, CREDITDEBITTYPE, CREATEDFROM, CREATEDDATE) VALUES(33, NULL, '132', 'Retribuzione', 0, 'Scegli', 1, 'root', '2011-03-21');
INSERT INTO ACCOUNTSTACKCD (ACCOUNTSTACKCDID, ACCOUNTSTACKID, CREDITDEBITNUMBER, CREDITDEBITNAME, CREDITDEBITVALUE, CREDITDEBITTAXTNAME, CREDITDEBITTYPE, CREATEDFROM, CREATEDDATE) VALUES(34, NULL, '133', 'Salario', 0, 'Scegli', 1, 'root', '2011-03-21');
INSERT INTO ACCOUNTSTACKCD (ACCOUNTSTACKCDID, ACCOUNTSTACKID, CREDITDEBITNUMBER, CREDITDEBITNAME, CREDITDEBITVALUE, CREDITDEBITTAXTNAME, CREDITDEBITTYPE, CREATEDFROM, CREATEDDATE) VALUES(35, NULL, '134', 'Salario parttime', 0, 'Scegli', 1, 'root', '2011-03-21');
INSERT INTO ACCOUNTSTACKCD (ACCOUNTSTACKCDID, ACCOUNTSTACKID, CREDITDEBITNUMBER, CREDITDEBITNAME, CREDITDEBITVALUE, CREDITDEBITTAXTNAME, CREDITDEBITTYPE, CREATEDFROM, CREATEDDATE) VALUES(36, NULL, '135', 'Contributo sociale', 0, 'Scegli', 1, 'root', '2011-03-21');
INSERT INTO ACCOUNTSTACKCD (ACCOUNTSTACKCDID, ACCOUNTSTACKID, CREDITDEBITNUMBER, CREDITDEBITNAME, CREDITDEBITVALUE, CREDITDEBITTAXTNAME, CREDITDEBITTYPE, CREATEDFROM, CREATEDDATE) VALUES(37, NULL, '136', 'Operativi lordo', 0, 'Scegli', 1, 'root', '2011-03-21');
INSERT INTO ACCOUNTSTACKCD (ACCOUNTSTACKCDID, ACCOUNTSTACKID, CREDITDEBITNUMBER, CREDITDEBITNAME, CREDITDEBITVALUE, CREDITDEBITTAXTNAME, CREDITDEBITTYPE, CREATEDFROM, CREATEDDATE) VALUES(38, NULL, '137', 'Operativi diversi', 0, 'Scegli', 1, 'root', '2011-03-21');
INSERT INTO ACCOUNTSTACKCD (ACCOUNTSTACKCDID, ACCOUNTSTACKID, CREDITDEBITNUMBER, CREDITDEBITNAME, CREDITDEBITVALUE, CREDITDEBITTAXTNAME, CREDITDEBITTYPE, CREATEDFROM, CREATEDDATE) VALUES(39, NULL, '138', 'Leasing', 20, 'IVA', 1, 'root', '2011-03-21');
INSERT INTO ACCOUNTSTACKCD (ACCOUNTSTACKCDID, ACCOUNTSTACKID, CREDITDEBITNUMBER, CREDITDEBITNAME, CREDITDEBITVALUE, CREDITDEBITTAXTNAME, CREDITDEBITTYPE, CREATEDFROM, CREATEDDATE) VALUES(40, NULL, '139', 'Costi locale', 0, 'Scegli', 1, 'root', '2011-03-21');
INSERT INTO ACCOUNTSTACKCD (ACCOUNTSTACKCDID, ACCOUNTSTACKID, CREDITDEBITNUMBER, CREDITDEBITNAME, CREDITDEBITVALUE, CREDITDEBITTAXTNAME, CREDITDEBITTYPE, CREATEDFROM, CREATEDDATE) VALUES(41, NULL, '140', 'Costi locale IVA 20%', 20, 'IVA', 1, 'root', '2011-03-21');
INSERT INTO ACCOUNTSTACKCD (ACCOUNTSTACKCDID, ACCOUNTSTACKID, CREDITDEBITNUMBER, CREDITDEBITNAME, CREDITDEBITVALUE, CREDITDEBITTAXTNAME, CREDITDEBITTYPE, CREATEDFROM, CREATEDDATE) VALUES(42, NULL, '141', 'Gas, Corrente, Acqua', 20, 'IVA', 1, 'root', '2011-03-21');
INSERT INTO ACCOUNTSTACKCD (ACCOUNTSTACKCDID, ACCOUNTSTACKID, CREDITDEBITNUMBER, CREDITDEBITNAME, CREDITDEBITVALUE, CREDITDEBITTAXTNAME, CREDITDEBITTYPE, CREATEDFROM, CREATEDDATE) VALUES(43, NULL, '142', 'Costi auto', 20, 'IVA', 1, 'root', '2011-03-21');
INSERT INTO ACCOUNTSTACKCD (ACCOUNTSTACKCDID, ACCOUNTSTACKID, CREDITDEBITNUMBER, CREDITDEBITNAME, CREDITDEBITVALUE, CREDITDEBITTAXTNAME, CREDITDEBITTYPE, CREATEDFROM, CREATEDDATE) VALUES(44, NULL, '143', 'Costi riparazione auto',20, 'IVA', 1, 'root', '2011-03-21');
INSERT INTO ACCOUNTSTACKCD (ACCOUNTSTACKCDID, ACCOUNTSTACKID, CREDITDEBITNUMBER, CREDITDEBITNAME, CREDITDEBITVALUE, CREDITDEBITTAXTNAME, CREDITDEBITTYPE, CREATEDFROM, CREATEDDATE) VALUES(45, NULL, '144', 'Costi correnti per auto', 0, 'Scegli', 1, 'root', '2011-03-21');
INSERT INTO ACCOUNTSTACKCD (ACCOUNTSTACKCDID, ACCOUNTSTACKID, CREDITDEBITNUMBER, CREDITDEBITNAME, CREDITDEBITVALUE, CREDITDEBITTAXTNAME, CREDITDEBITTYPE, CREATEDFROM, CREATEDDATE) VALUES(46, NULL, '145', 'Pedaggio', 20, 'IVA', 1, 'root', '2011-03-21');
INSERT INTO ACCOUNTSTACKCD (ACCOUNTSTACKCDID, ACCOUNTSTACKID, CREDITDEBITNUMBER, CREDITDEBITNAME, CREDITDEBITVALUE, CREDITDEBITTAXTNAME, CREDITDEBITTYPE, CREATEDFROM, CREATEDDATE) VALUES(47, NULL, '146', 'Costi marketing', 20, 'IVA', 1, 'root', '2011-03-21');
INSERT INTO ACCOUNTSTACKCD (ACCOUNTSTACKCDID, ACCOUNTSTACKID, CREDITDEBITNUMBER, CREDITDEBITNAME, CREDITDEBITVALUE, CREDITDEBITTAXTNAME, CREDITDEBITTYPE, CREATEDFROM, CREATEDDATE) VALUES(48, NULL, '147', 'Costi alloggio', 20, 'IVA', 1, 'root', '2011-03-21');
INSERT INTO ACCOUNTSTACKCD (ACCOUNTSTACKCDID, ACCOUNTSTACKID, CREDITDEBITNUMBER, CREDITDEBITNAME, CREDITDEBITVALUE, CREDITDEBITTAXTNAME, CREDITDEBITTYPE, CREATEDFROM, CREATEDDATE) VALUES(49, NULL, '148', 'Costi viaggio', 0, 'Scegli', 1, 'root', '2011-03-21');
INSERT INTO ACCOUNTSTACKCD (ACCOUNTSTACKCDID, ACCOUNTSTACKID, CREDITDEBITNUMBER, CREDITDEBITNAME, CREDITDEBITVALUE, CREDITDEBITTAXTNAME, CREDITDEBITTYPE, CREATEDFROM, CREATEDDATE) VALUES(50, NULL, '149', 'Affrancatura', 20, 'IVA', 1, 'root', '2011-03-21');
INSERT INTO ACCOUNTSTACKCD (ACCOUNTSTACKCDID, ACCOUNTSTACKID, CREDITDEBITNUMBER, CREDITDEBITNAME, CREDITDEBITVALUE, CREDITDEBITTAXTNAME, CREDITDEBITTYPE, CREATEDFROM, CREATEDDATE) VALUES(51, NULL, '150', 'Costi telefono', 20, 'IVA', 1, 'root', '2011-03-21');
INSERT INTO ACCOUNTSTACKCD (ACCOUNTSTACKCDID, ACCOUNTSTACKID, CREDITDEBITNUMBER, CREDITDEBITNAME, CREDITDEBITVALUE, CREDITDEBITTAXTNAME, CREDITDEBITTYPE, CREATEDFROM, CREATEDDATE) VALUES(52, NULL, '151', 'Costi telefono e internet', 20, 'IVA', 1, 'root', '2011-03-21');
INSERT INTO ACCOUNTSTACKCD (ACCOUNTSTACKCDID, ACCOUNTSTACKID, CREDITDEBITNUMBER, CREDITDEBITNAME, CREDITDEBITVALUE, CREDITDEBITTAXTNAME, CREDITDEBITTYPE, CREATEDFROM, CREATEDDATE) VALUES(53, NULL, '152', 'Articoli per cancelleria', 20, 'IVA', 1, 'root', '2011-03-21');
INSERT INTO ACCOUNTSTACKCD (ACCOUNTSTACKCDID, ACCOUNTSTACKID, CREDITDEBITNUMBER, CREDITDEBITNAME, CREDITDEBITVALUE, CREDITDEBITTAXTNAME, CREDITDEBITTYPE, CREATEDFROM, CREATEDDATE) VALUES(54, NULL, '153', 'Magazine abbonamenti', 20, 'IVA', 1, 'root', '2011-03-21');
INSERT INTO ACCOUNTSTACKCD (ACCOUNTSTACKCDID, ACCOUNTSTACKID, CREDITDEBITNUMBER, CREDITDEBITNAME, CREDITDEBITVALUE, CREDITDEBITTAXTNAME, CREDITDEBITTYPE, CREATEDFROM, CREATEDDATE) VALUES(55, NULL, '154', 'Costi contabilitá', 20, 'IVA', 1, 'root', '2011-03-21');
INSERT INTO ACCOUNTSTACKCD (ACCOUNTSTACKCDID, ACCOUNTSTACKID, CREDITDEBITNUMBER, CREDITDEBITNAME, CREDITDEBITVALUE, CREDITDEBITTAXTNAME, CREDITDEBITTYPE, CREATEDFROM, CREATEDDATE) VALUES(56, NULL, '155', 'Spese addizionali', 0, 'Scegli', 1, 'root', '2011-03-21');
INSERT INTO ACCOUNTSTACKCD (ACCOUNTSTACKCDID, ACCOUNTSTACKID, CREDITDEBITNUMBER, CREDITDEBITNAME, CREDITDEBITVALUE, CREDITDEBITTAXTNAME, CREDITDEBITTYPE, CREATEDFROM, CREATEDDATE) VALUES(57, NULL, '156', 'Tassa non sottraibile', 0, 'Scegli', 1, 'root', '2011-03-21');
INSERT INTO ACCOUNTSTACKCD (ACCOUNTSTACKCDID, ACCOUNTSTACKID, CREDITDEBITNUMBER, CREDITDEBITNAME, CREDITDEBITVALUE, CREDITDEBITTAXTNAME, CREDITDEBITTYPE, CREATEDFROM, CREATEDDATE) VALUES(58, NULL, '157', 'Tassa auto', 0, 'Scegli', 1, 'root', '2011-03-21');
INSERT INTO ACCOUNTSTACKCD (ACCOUNTSTACKCDID, ACCOUNTSTACKID, CREDITDEBITNUMBER, CREDITDEBITNAME, CREDITDEBITVALUE, CREDITDEBITTAXTNAME, CREDITDEBITTYPE, CREATEDFROM, CREATEDDATE) VALUES(59, NULL, '158', 'Tassa', 0, 'Scegli', 1, 'root', '2011-03-21');
