INSERT INTO COMPANY (COMPANYID, COMPANYNUMBER, CUSTOMERNR, BEGINCHAR, `NAME`, NAME2, PHONE, FAX, EMAIL, EMPLOYEE, QUALIFICATION, CATEGORY, COOPERATION, ISLOCK, WEB, TAXNUMBER, DESCRIPTION, CREATEDFROM, CREATEDDATE, CHANGEDFROM, CHANGEDDATE, ISACTUAL) VALUES
(1, 1, 'ACV13244', 'B2B', 'Open Source CRM ERP', 'Software Solution', '+49 8474 8493983', '+49 8474 8493983', 'info@ebineutrino.org', '200', 'A', 'B2B Customer', 'Partner', false, 'www.ebineutrino.org', 'VAT392839389', 'EBI Neutrino R1 the open source crm erp framework', 'root', '2010-10-31', NULL, NULL, true);

INSERT INTO COMPANYACTIVITIES (ACTIVITYID, COMPANYID, ACTIVITYNAME, ACTIVITYTYPE, ACTIVITYSTATUS, DUEDATE, DURATION, ACOLOR, ACTIVITYCLOSEDATE, ACTIVITYISCLOSED, ACTIVITYDESCRIPTION, ISLOCK, CREATEDFROM, CREATEDDATE, CHANGEDFROM, CHANGEDDATE) VALUES
(1, 1, 'Write EMail', 'EMail', 'Open', '2010-10-01 12:00:00', 30, '204,0,0', NULL, NULL, 'Write email to a customer', NULL, 'root', '2010-10-31', NULL, NULL),
(2, 1, 'Telefon Meeting', 'Meeting', 'Open', '2010-10-17 12:00:00', 20, '51,153,255', NULL, NULL, '', NULL, 'root', '2010-10-31', NULL, NULL),
(3, 1, 'Write Letter', 'Letter', 'Open', '2010-10-13 12:00:00', 33, '5,125,255', NULL, NULL, 'write letter', NULL, 'root', '2010-10-31', NULL, NULL),
(4, 1, 'send a Fax', 'Fax', 'Open', '2010-10-31 12:00:00', 20, '102,255,102', NULL, NULL, 'send a fax', NULL, 'root', '2010-10-31', NULL, NULL);


INSERT INTO COMPANYACTIVITYSTATUS (ID, `NAME`) VALUES
(1, 'Open'),
(2, 'Closed');

INSERT INTO COMPANYACTIVITYTYPE (ID, `NAME`) VALUES
(1, 'EMail'),
(2, 'Fax'),
(3, 'Letter'),
(4, 'Meeting'),
(5, 'Telefon');

INSERT INTO COMPANYADDRESS (ADDRESSID, COMPANYID, ADDRESSTYPE, STREET, ZIP, LOCATION, PBOX, COUNTRY, CREATEDFROM, CREATEDDATE, CHANGEDFROM, CHANGEDDATE) VALUES
(1, 1, 'Business', 'Newstreet', '3839898', 'New City', '9023983', 'NewCountry', 'root', '2010-10-31', NULL, NULL);

INSERT INTO COMPANYBANK (BANKID, COMPANYID, BANKNAME, BANKBSB, BANKACCOUNT, BANKBIC, BANKIBAN, BANKCOUNTRY, CREATEDFROM, CREATEDDATE, CHANGEDFROM, CHANGEDDATE) VALUES
(1, 1, 'New Bank', '98398398', '90389398', 'BIC09309309', 'IBAN034890309', 'New Country', 'root', '2010-10-31', NULL, NULL);

INSERT INTO COMPANYCATEGORY (ID, `NAME`) VALUES
(1, 'B2B Customer'),
(2, 'B2C Customer');

INSERT INTO COMPANYCLASSIFICATION (ID, `NAME`) VALUES
(1, 'A'),
(2, 'B'),
(3, 'C');


INSERT INTO COMPANYCONTACTS (CONTACTID, COMPANYID, MAINCONTACT, GENDER, TITLE, SURNAME, `NAME`, MITTELNAME, POSITION, BIRDDATE, PHONE, FAX, MOBILE, EMAIL, DESCRIPTION, CREATEDFROM, CREATEDDATE, CHANGEDFROM, CHANGEDDATE) VALUES
(1, 1, true, 'Mr', 'Prof.', 'Newone', 'James', '', 'CEO', '1960-01-29', '+49 8474 8493983', '+49 8474 8493983', '+49 8474 8493983', 'info@ebineutrino.org', 'CEO of company', 'root', '2010-10-31', NULL, NULL);

INSERT INTO COMPANYCONTACTADDRESS (ADDRESSID, CONTACTID, ADDRESSTYPE, STREET, ZIP, LOCATION, COUNTRY, PBOX, CREATEDFROM, CREATEDDATE, CHANGEDFROM, CHANGEDDATE) VALUES
(1, 1, 'Business', 'Newstreet', '3839898', 'New City', 'NewCountry', '9023983', 'root', '2010-10-31', NULL, NULL);

INSERT INTO COMPANYCOOPERATION (ID, `NAME`) VALUES
(1, 'Partner'),
(2, 'Seller'),
(3, 'Reseller'),
(4, 'Provider');

INSERT INTO COMPANYMEETINGPROTOCOL (MEETINGPROTOCOLID, COMPANYID, MEETINGSUBJECT, MEETINGTYPE, PROTOCOL, METINGDATE, CREATEDFROM, CREATEDDATE, CHANGEDFROM, CHANGEDDATE) VALUES
(1, 1, 'Meeting about service', 'Meeting A', 'A meeting is a gathering of two or more people that has been convened for the purpose of achieving a common goal through verbal interaction, such as sharing information or reaching agreement. [2] Meetings may occur face to face or virtually, as mediated by communications technology, such as a telephone conference call, a skyped conference call or a videoconference.\n\nThus, a meeting may be distinguished from other gatherings, such as a chance encounter (not convened), a sports game or a concert (verbal interaction is incidental), a party or the company of friends (no common goal is to be achieved) and a demonstration (whose common goal is achieved mainly through the number of demonstrators present, not verbal interaction).', '2010-10-31', 'root', '2010-10-31', NULL, NULL),
(2, 1, 'New Meeting', 'Meeting B', 'A meeting is a gathering of two or more people that has been convened for the purpose of achieving a common goal through verbal interaction, such as sharing information or reaching agreement. [2] Meetings may occur face to face or virtually, as mediated by communications technology, such as a telephone conference call, a skyped conference call or a videoconference.\n\nThus, a meeting may be distinguished from other gatherings, such as a chance encounter (not convened), a sports game or a concert (verbal interaction is incidental), a party or the company of friends (no common goal is to be achieved) and a demonstration (whose common goal is achieved mainly through the number of demonstrators present, not verbal interaction).', '2010-10-31', 'root', '2010-10-31', NULL, NULL),
(3, 1, 'Meeting 2', 'Meeting C', 'Beginning with the early experimental work of the Gestaltists in Germany (e.g. Duncker, 1935 [2]), and continuing through the 1960s and early 1970s, research on problem solving typically conducted relatively simple, laboratory tasks (e.g. Duncker''s "X-ray" problem; Ewert & Lambert''s 1932 "disk" problem, later known as Tower of Hanoi) that appeared novel to participants (e.g. Mayer, 1992 [3]). Various reasons account for the choice of simple novel tasks: they had clearly defined optimal solutions, they were solvable within a relatively short time frame, researchers could trace participants'' problem-solving steps, and so on. The researchers made the underlying assumption, of course, that simple tasks such as the Tower of Hanoi captured the main properties of "real world" problems, and that the cognitive processes underlying participants'' attempts to solve simple problems were representative of the processes engaged in when solving "real world" problems. Thus researchers used simple problems for reasons of convenience, and thought generalizations to more complex problems would become possible. Perhaps the best-known and most impressive example of this line of research remains the work by Allen Newell and Herbert Simon [4].\n\n', NULL, 'root', '2010-10-31', NULL, NULL),
(4, 1, 'Test meeting a', 'Meeting A', 'test description a', '2010-10-06', 'root', '2010-10-31', NULL, NULL),
(5, 1, 'Test meeting b', 'Meeting B', 'test description b', NULL, 'root', '2010-10-31', NULL, NULL),
(6, 1, 'Test meeting c', 'Meeting C', 'test description c', '2010-10-14', 'root', '2010-10-31', NULL, NULL);

INSERT INTO COMPANYMEETINGTYPE (ID, `NAME`) VALUES
(1, 'Meeting A'),
(2, 'Meeting B'),
(3, 'Meeting C');

INSERT INTO COMPANYNUMBER (ID, CATEGORYID, CATEGORY, BEGINCHAR, NUMBERFROM, NUMBERTO) VALUES
(1, 1, 'B2B Customer', 'B2B', 1, 200);

INSERT INTO COMPANYOFFER (OFFERID, COMPANYID, OPPORTUNITYID, OFFERNR, `NAME`, `STATUS`, OFFERVERSION, OFFERDATE, VALIDTO, ISRECIEVED, DESCRIPTION, CREATEDFROM, CREATEDDATE, CHANGEDFROM, CHANGEDDATE) VALUES
(1, 1, 1, 'OFR239384', 'Opportunity ABC23494', 'Open', NULL, '2010-10-01', '2010-10-31', false, 'Opportunity ABC23494', 'root', '2010-10-31', NULL, NULL),
(2, 1, NULL, '234324', 'Opportunity ABCD03983', 'Accepted', NULL, '2010-10-07', '2010-10-07', false, 'test opportunity', 'root', '2010-10-31', NULL, NULL);


INSERT INTO COMPANYOFFERPOSITIONS (POSITIONID, OFFERID, PRODUCTID, PRODUCTNR, DEDUCTION, PRODUCTNAME, QUANTITY, NETAMOUNT, PRETAX, TAXTYPE, `TYPE`, CATEGORY, DESCRIPTION, CREATEDFROM, CREATEDDATE, CHANGEDDATE, CHANGEDFROM) VALUES
(1, 1, NULL, 'FRT238383', '', 'Mela', 500, 2, 1.5, 'VAT', 'Apple', 'Fruit', 'Quality Apple', 'root', '2010-10-31', NULL, NULL),
(2, 2, NULL, 'FRT238383', '', 'Mela', 1, 2, 1.5, 'VAT', 'Apple', 'Fruit', 'Quality Apple', 'root', '2010-10-31', NULL, NULL);

INSERT INTO COMPANYOFFERRECEIVER (RECEIVERID, OFFERID, CNUM, RECEIVERVIA, GENDER, SURNAME, MITTELNAME, POSITION, EMAIL, PHONE, FAX, STREET, ZIP, LOCATION, PBOX, COUNTRY, CREATEDFROM, CREATEDDATE, `NAME`) VALUES
(1, 1, 1, 'EMail', 'Mr', 'Newone', NULL, 'CEO', 'info@ebineutrino.org', '+49 8474 8493983', '+49 8474 8493983', 'Newstreet', '3839898', 'New City', '9023983', 'NewCountry', 'root', '2010-10-31', 'James'),
(2, 2, 0, 'EMail', 'Mr', 'Newone', NULL, 'CEO', 'info@ebineutrino.org', '+49 8474 8493983', '+49 8474 8493983', 'Newstreet', '3839898', 'New City', '9023983', 'NewCountry', 'root', '2010-10-31', 'James');

INSERT INTO COMPANYOFFERSTATUS (ID, `NAME`) VALUES
(1, 'Open'),
(2, 'Closed'),
(3, 'Discarded'),
(4, 'Accepted'),
(5, 'Unknow');

INSERT INTO COMPANYOPPORTUNITY (OPPORTUNITYID, COMPANYID, `NAME`, SALESTAGE, PROBABILITY, OPPORTUNITYVALUE, ISCLOSE, CLOSEDATE, BUSINESSTYPE, EVALUATIONSTATUS, EVALUETIONDATE, BUDGETSTATUS, BUDGETDATE, SALESTAGEDATE, OPPORTUNITYSTATUS, OPPORTUNITYSTATUSDATE, DESCRIPTION, CREATEDFROM, CREATEDDATE, CHANGEDFROM, CHANGEDDATE) VALUES
(1, 1, 'Opportunity ABC23494', 'Accepted', '50%', 22, false, NULL, 'Hardware', 'In progress', '2010-10-31', 'Approved', '2010-10-31', '2010-10-31', 'Approved', '2010-10-31', 'Opportunity ABC23494', 'root', '2010-10-31', NULL, NULL),
(2, 1, 'Test Opportunity', 'Accepted', '10%', 324324, false, NULL, 'Hardware', 'accepted', '2010-10-31', 'Approved', '2010-10-31', '2010-10-31', 'Approved', '2010-10-31', '', 'root', '2010-10-31', NULL, NULL);

INSERT INTO COMPANYOPPORTUNITYBGSTATUS (ID, `NAME`) VALUES
(1, 'In progress'),
(2, 'unknow'),
(3, 'Approved');

INSERT INTO COMPANYOPPORTUNITYBUSTYP (ID, `NAME`) VALUES
(1, 'Software'),
(2, 'Hardware'),
(3, 'Mechanics'),
(4, 'Service');

INSERT INTO COMPANYOPPORTUNITYCONTACT (OPPORTUNITYCONTACTID, OPPORTUNITYID, POS, GENDER, SURNAME, `NAME`, MITTELNAME, POSITION, BIRDDATE, PHONE, FAX, MOBILE, EMAIL, DESCRIPTION, CREATEDFROM, CREATEDDATE, CHANGEDFROM, CHANGEDDATE) VALUES
(1, 1, NULL, 'Mr', 'Newone', 'James', NULL, 'CEO', '1960-01-29', '+49 8474 8493983', '+49 8474 8493983', '+49 8474 8493983', 'info@ebineutrino.org', 'CEO of company', 'root', '2010-10-31', NULL, NULL),
(2, 2, NULL, 'Mr', 'Newone', 'James', NULL, 'CEO', '1960-01-29', '+49 8474 8493983', '+49 8474 8493983', '+49 8474 8493983', 'info@ebineutrino.org', 'CEO of company', 'root', '2010-10-31', NULL, NULL);

INSERT INTO COMPANYOPPORTUNITYEVSTATUS (ID, `NAME`) VALUES
(1, 'In progress'),
(2, 'accepted'),
(3, 'start'),
(4, 'end'),
(5, 'unknow');

INSERT INTO COMPANYOPPORTUNITYSSTAGE (ID, `NAME`) VALUES
(1, 'Accepted'),
(2, 'Discarded'),
(3, 'In progress'),
(4, 'Closed');

INSERT INTO COMPANYOPPORTUNITYSTATUS (ID, `NAME`) VALUES
(1, 'Open'),
(2, 'Closed'),
(3, 'Successfully');


INSERT INTO COMPANYORDER (ORDERID, COMPANYID, ORDERNR, OFFERID, `NAME`, INVOICECREATED, `STATUS`, ORDERVERSION, OFFERDATE, VALIDTO, ISRECIEVED, DESCRIPTION, CREATEDFROM, CREATEDDATE, CHANGEDFROM, CHANGEDDATE) VALUES
(1, 1, 'ORD239384', 1, 'Order ABC23494', NULL, 'Open', NULL, '2010-10-01', '2010-10-31', false, 'Opportunity ABC23494', 'root', '2010-10-31', 'root', '2010-10-31'),
(2, 1, '234324', 2, 'Offer 2384', NULL, 'Accepted', NULL, '2010-10-19', '2010-10-27', false, '', 'root', '2010-10-31', NULL, NULL);


INSERT INTO COMPANYORDERPOSITIONS (POSITIONID, ORDERID, PRODUCTID, DEDUCTION, PRODUCTNR, PRODUCTNAME, QUANTITY, NETAMOUNT, PRETAX, TAXTYPE, `TYPE`, CATEGORY, DESCRIPTION, CREATEDFROM, CREATEDDATE, CHANGEDDATE, CHANGEDFROM) VALUES
(1, 1, NULL, '', 'FRT238383', 'Mela', 500, 2, 1.5, 'VAT', 'Apple', 'Fruit', 'Mala di qualitá', NULL, NULL, NULL, NULL),
(4, 2, NULL, '', 'FRT238383', 'Mela', 1, 2, 1.5, 'VAT', 'Apple', 'Fruit', 'Mala di qualitá', 'root', '2010-10-31', NULL, NULL);

INSERT INTO COMPANYORDERRECEIVER (RECEIVERID, ORDERID, CNUM, RECEIVERVIA, GENDER, SURNAME, `NAME`, MITTELNAME, POSITION, EMAIL, PHONE, FAX, STREET, ZIP, LOCATION, PBOX, COUNTRY, CREATEDFROM, CREATEDDATE, CHANGEDFROM, CHANGEDDATE) VALUES
(1, 1, NULL, 'EMail', 'Mr', 'Newone', 'James', NULL, 'CEO', 'info@ebineutrino.org', NULL, '+49 8474 8493983', 'Newstreet', '3839898', 'New City', '9023983', 'NewCountry', NULL, NULL, NULL, NULL),
(3, 2, 0, 'EMail', 'Mr', 'Newone', 'James', NULL, 'CEO', 'info@ebineutrino.org', '+49 8474 8493983', '+49 8474 8493983', 'Newstreet', '3839898', 'New City', '9023983', 'NewCountry', 'root', '2010-10-31', NULL, NULL);

INSERT INTO COMPANYORDERSTATUS (ID, `NAME`) VALUES
(1, 'Open'),
(2, 'Closed'),
(3, 'Accepted'),
(4, 'Discarded'),
(5, 'Unknow');

INSERT INTO COMPANYPRODUCTCATEGORY (ID, `NAME`) VALUES
(1, 'Hardware'),
(2, 'Software'),
(3, 'Mechanics'),
(4, 'Service'),
(5, 'Fruit');

INSERT INTO COMPANYPRODUCTTAX (ID, `NAME`, TAXVALUE, CREATEDDATE, CREATEDFROM, CHANGEDDATE, CHANGEDFROM) VALUES
(1, 'VAT', 10, '2010-10-30', 'root', NULL, NULL);

INSERT INTO COMPANYPRODUCTTAXVALUE (ID, `NAME`) VALUES
(1, 'VAT');

INSERT INTO COMPANYPRODUCTTYPE (ID, `NAME`) VALUES
(1, 'Mainbord'),
(2, 'Motor'),
(3, 'Brake'),
(4, 'Windows'),
(5, 'Linux'),
(6, 'Support'),
(7, 'Apple'),
(8, 'Tomato');

INSERT INTO COMPANYSERVICE (SERVICEID, COMPANYID, SERVICENR, `NAME`, CATEGORY, `TYPE`, `STATUS`, DESCRIPTION, CREATEDFROM, CREATEDDATE, CHANGEDFROM, CHANGEDDATE) VALUES
(1, 1, 'ORD239384', 'Order ABC23494', 'Fruit', 'Apple', 'Open', 'Opportunity ABC23494', 'root', '2010-10-31', NULL, NULL),
(2, 1, '234324ddd', 'Order ABC38384', 'Fruit', 'Apple', 'Open', '', 'root', '2010-10-31', NULL, NULL);

INSERT INTO COMPANYSERVICECATEGORY (ID, `NAME`) VALUES
(1, 'Fruit'),
(2, 'Hardware'),
(3, 'Software'),
(4, 'Mechanics');


INSERT INTO COMPANYSERVICEPOSITIONS (POSITIONID, SERVICEID, PRODUCTID, DEDUCTION, PRODUCTNR, PRODUCTNAME, QUANTITY, NETAMOUNT, PRETAX, TAXTYPE, `TYPE`, CATEGORY, DESCRIPTION, CREATEDFROM, CREATEDDATE, CHANGEDDATE, CHANGEDFROM) VALUES
(1, 1, NULL, '', 'FRT238383', 'Mela', 500, 2, 1.5, 'VAT', 'Apple', 'Fruit', 'Mala di qualitá', NULL, NULL, NULL, NULL),
(3, 2, NULL, '', 'FRT238383', 'Mela', 1, 2, 1.5, 'VAT', 'Apple', 'Fruit', 'Mala di qualitá', 'root', '2010-10-31', NULL, NULL);

INSERT INTO COMPANYSERVICEPSOL (PROSOLID, SERVICEID, SOLUTIONNR, `NAME`, CLASSIFICATION, CATEGORY, `TYPE`, `STATUS`, DESCRIPTION, CREATEDFROM, CREATEDDATE, CHANGEDFROM, CHANGEDDATE) VALUES
(1, 1, 'PRO938494', 'Fruit', 'Please select', 'Fruit', 'Friut Service', 'Open', 'Problem solving is a mental process and is part of the larger problem process that includes problem finding and problem shaping. \nConsidered the most complex of all intellectual functions, problem solving has been defined as higher-order cognitive process that requires the modulation and \ncontrol of more routine or fundamental skills.[1] Problem solving occurs when an organism or an artificial intelligence system needs to move from a given state to a desired goal state.', 'root', '2010-10-31', NULL, NULL),
(3, 2, 'PRO938494', 'Fruit', 'Please select', 'Fruit', 'Friut Service', 'Open', 'Problem solving is a mental process and is part of the larger problem process that includes problem finding and problem shaping. \nConsidered the most complex of all intellectual functions, problem solving has been defined as higher-order cognitive process that requires the modulation and \ncontrol of more routine or fundamental skills.[1] Problem solving occurs when an organism or an artificial intelligence system needs to move from a given state to a desired goal state.', 'root', '2010-10-31', NULL, NULL);

INSERT INTO COMPANYSERVICESTATUS (ID, `NAME`) VALUES
(1, 'Open'),
(2, 'Closed'),
(3, 'Discarded');

INSERT INTO COMPANYSERVICETYPE (ID, `NAME`) VALUES
(1, 'Apple'),
(2, 'Software bug'),
(3, 'Hardware bug'),
(4, 'Mechanics problem');

INSERT INTO CRMADDRESSTYPE (ID, `NAME`) VALUES
(1, 'Home'),
(2, 'Delivery'),
(3, 'Business'),
(4, 'PrVATt');

INSERT INTO CRMINVOICE (INVOICEID, ASSOSIATION, INVOICENR, BEGINCHAR, `NAME`, `STATUS`, CATEGORY, `DATE`, TAXTYPE, GENDER, POSITION, COMPANYNAME, CONTACTNAME, CONTACTSURNAME, CONTACTSTREET, CONTACTZIP, CONTACTLOCATION, CONTACTPOSTCODE, CONTACTCOUNTRY, CONTACTTELEPHONE, CONTACTFAX, CONTACTEMAIL, CONTACTWEB, CONTACTDESCRIPTION, CREATEDDATE, CREATEDFROM, CHANGEDDATE, CHANGEDFROM) VALUES
(1, 'Order: 1', 3000, 'FRT', 'Invoice ABC23494', 'Open', 'Fruit', '2010-10-31', 'VAT', 'Mr', 'CEO', 'EBI Neutrino R1 Open Source CRM ERP', 'James', 'Newone', 'Newstreet', '3839898', 'New City', '9023983', 'NewCountry', '', '+49 8474 8493983', 'info@ebineutrino.org', 'www.ebineutrino.org', 'Some description', '2010-10-31', 'root', NULL, NULL),
(2, 'Service: 2', 3001, 'FRT', 'Fruit2', 'Open', 'Fruit', '2010-10-31', 'Please select', 'Mr', 'CEO', 'EBI Neutrino R1 Open Source CRM ERP', 'James', 'Newone', 'Newstreet', '3839898', 'New City', '9023983', 'NewCountry', '+49 8474 8493983', '+49 8474 8493983', 'info@ebineutrino.org', 'www.ebineutrino.org', 'CEO of company', '2010-10-31', 'root', NULL, NULL);

INSERT INTO CRMINVOICECATEGORY (ID, `NAME`) VALUES
(1, 'Hardware'),
(2, 'Software'),
(3, 'Mechanics'),
(4, 'Fruit'),
(5, 'Service'),
(6, 'Cash');

INSERT INTO CRMINVOICENUMBER (ID, CATEGORYID, CATEGORY, BEGINCHAR, NUMBERFROM, NUMBERTO) VALUES
(1, 1, 'Hardware', 'HRD', 1, 1000),
(2, 2, 'Software', 'SOFT', 1000, 2000),
(3, 3, 'Mechanics', 'MEC', 2000, 3000),
(4, 4, 'Fruit', 'FRT', 3000, 4000),
(5, 5, 'Service', 'SERV', 4000, 5000),
(6, 6, 'Cash', 'CSH', 5000, 100000);

INSERT INTO CRMINVOICEPOSITION (POSITIONID, INVOICEID, PRODUCTID, DEDUCTION, PRODUCTNR, PRODUCTNAME, QUANTITY, NETAMOUNT, PRETAX, TAXTYPE, `TYPE`, CATEGORY, DESCRIPTION, CREATEDFROM, CREATEDDATE, CHANGEDDATE, CHANGEDFROM) VALUES
(1, 1, NULL, '', 'FRT238383', 'Mela', 500, 2, 1.5, 'VAT', 'Apple', 'Fruit', 'Mala di qualitá', 'root', '2010-10-31', NULL, NULL),
(3, 2, NULL, '', 'FRT238383', 'Mela', 1, 2, 1.5, 'VAT', 'Apple', 'Fruit', 'Mala di qualitá', 'root', '2010-10-31', NULL, NULL);

INSERT INTO CRMINVOICESTATUS (ID, `NAME`) VALUES
(1, 'Open'),
(2, 'Closed'),
(3, 'Paid'),
(4, 'Delivered');

INSERT INTO CRMPROBLEMSOLCATEGORY (ID, `NAME`) VALUES
(1, 'Hardware'),
(2, 'Software'),
(3, 'Mechanics'),
(4, 'Fruit'),
(5, 'Support');

INSERT INTO CRMPROBLEMSOLCLASS (ID, `NAME`) VALUES
(1, 'A'),
(2, 'B'),
(3, 'C');

INSERT INTO CRMPROBLEMSOLSTATUS (ID, `NAME`) VALUES
(1, 'Open'),
(2, 'Close'),
(3, 'Discarded');

INSERT INTO CRMPROBLEMSOLTYPE (ID, `NAME`) VALUES
(1, 'Software Service'),
(2, 'Hardware Service'),
(3, 'Friut Service'),
(4, 'Mechanics Service');

INSERT INTO CRMPROBLEMSOLUTIONS (PROSOLID, SERVICENR, `NAME`, CLASSIFICATION, CATEGORY, `TYPE`, `STATUS`, DESCRIPTION, CREATEDFROM, CREATEDDATE, CHANGEDFROM, CHANGEDDATE) VALUES
(1, 'PRO938494', 'Fruit', 'Please select', 'Fruit', 'Friut Service', 'Open', 'Problem solving is a mental process and is part of the larger problem process that includes problem finding and problem shaping. \nConsidered the most complex of all intellectual functions, problem solving has been defined as higher-order cognitive process that requires the modulation and \ncontrol of more routine or fundamental skills.[1] Problem solving occurs when an organism or an artificial intelligence system needs to move from a given state to a desired goal state.', 'root', '2010-10-31', NULL, NULL);

INSERT INTO CRMPROBLEMSOLPOSITION (PRODUCTID, SOLUTIONID, CREATEDDATE, CREATEDFROM, CHANGEDDATE, CHANGEDFROM, PRODUCTNR, PRODUCTNAME, CATEGORY, `TYPE`, TAXTYPE, NETAMOUNT, PRETAX, DIPENDENCYID, DIMENSIONID, PICTURE, PICTURENAME, DESCRIPTION) VALUES
(1, 1, '2010-10-31', 'root', NULL, NULL, 'FRT238383', 'Mela', 'Fruit', 'Apple', 'VAT', 2, 1.5, NULL, NULL, NULL, NULL, 'Mela di qualitá');

INSERT INTO CRMPRODUCTDIMENSION (DIMENSIONID, PRODUCTID, CREATEDDATE, CREATEDFROM, CHANGEDDATE, CHANGEDFROM, `NAME`, `VALUE`) VALUES
(1, 1, '2010-10-30', 'root', NULL, NULL, 'Quantity', '10 kg'),
(2, 1, '2010-10-30', 'root', NULL, NULL, 'Dimension', '2 cm'),
(3, 1, '2010-10-30', 'root', NULL, NULL, 'Size', '1,50');

INSERT INTO CRMPRODUCTDIMENSIONS (ID, `NAME`) VALUES
(1, 'Size'),
(2, 'Quantity'),
(3, 'Dimension'),
(4, 'Wight'),
(5, 'Etras'),
(6, 'Color'),
(7, 'Deduction');


INSERT INTO CRMPROJECTCOSTS (ID, `NAME`) VALUES
(1, 'Planning'),
(2, 'Development'),
(3, 'Service'),
(4, 'Work'),
(5, 'Support');


INSERT INTO CRMPROJECTPROPS (ID, `NAME`) VALUES
(1, 'Time'),
(2, 'Duration'),
(3, 'Size'),
(4, 'Employee'),
(5, 'Dimension'),
(6, 'Extras'),
(7, 'Extras1');

INSERT INTO CRMPROJECTSTATUS (ID, `NAME`) VALUES
(1, 'Open'),
(2, 'Close'),
(3, 'In progress'),
(4, 'Discarded'),
(5, 'Successfully');


INSERT INTO CRMPROJECTTASKSTATUS (ID, `NAME`) VALUES
(1, 'Open'),
(2, 'Close'),
(3, 'Concluded'),
(4, 'Unknow');

INSERT INTO CRMPROJECTTASKTYPE (ID, `NAME`) VALUES
(1, 'Hardware Service'),
(2, 'Hadware Support'),
(3, 'Hardware development'),
(4, 'Software Service'),
(5, 'Software Support'),
(6, 'Development'),
(7, 'Planning'),
(8, 'Work'),
(9, 'Support'),
(10, 'Service');

INSERT INTO COMPANYMEETINGCONTACTS (MEETINGCONTACTID, MEETINGID, POS, GENDER, SURNAME, `NAME`, MITTELNAME, POSITION, BIRDDATE, PHONE, FAX, MOBILE, EMAIL, DESCRIPTION, CREATEDFROM, CREATEDDATE, CHANGEDFROM, CHANGEDDATE) VALUES
(1, 1, NULL, 'Mr', 'Newone', 'James', NULL, 'CEO', '1960-01-29', '+49 8474 8493983', '+49 8474 8493983', '+49 8474 8493983', 'info@ebineutrino.org', 'CEO of company', 'root', '2010-10-31', NULL, NULL),
(2, 2, NULL, 'Mr', 'Newone', 'James', NULL, 'CEO', '1960-01-29', '+49 8474 8493983', '+49 8474 8493983', '+49 8474 8493983', 'info@ebineutrino.org', 'CEO of company', 'root', '2010-10-31', NULL, NULL),
(3, 3, NULL, 'Mr', 'Newone', 'James', NULL, 'CEO', '1960-01-29', '+49 8474 8493983', '+49 8474 8493983', '+49 8474 8493983', 'info@ebineutrino.org', 'CEO of company', 'root', '2010-10-31', NULL, NULL),
(4, 4, NULL, 'Mr', 'Newone', 'James', NULL, 'CEO', '1960-01-29', '+49 8474 8493983', '+49 8474 8493983', '+49 8474 8493983', 'info@ebineutrino.org', 'CEO of company', 'root', '2010-10-31', NULL, NULL),
(5, 5, NULL, 'Mr', 'Newone', 'James', NULL, 'CEO', '1960-01-29', '+49 8474 8493983', '+49 8474 8493983', '+49 8474 8493983', 'info@ebineutrino.org', 'CEO of company', 'root', '2010-10-31', NULL, NULL),
(6, 6, NULL, 'Mr', 'Newone', 'James', NULL, 'CEO', '1960-01-29', '+49 8474 8493983', '+49 8474 8493983', '+49 8474 8493983', 'info@ebineutrino.org', 'CEO of company', 'root', '2010-10-31', NULL, NULL);

INSERT INTO ACCOUNTSTACKCD (ACCOUNTSTACKCDID, ACCOUNTSTACKID, CREDITDEBITNUMBER, CREDITDEBITNAME, CREDITDEBITVALUE, CREDITDEBITTAXTNAME, CREDITDEBITTYPE, CREATEDFROM, CREATEDDATE) VALUES(1, NULL, '100', 'IT Software', 10, 'VAT', 1, 'root', '2011-03-21');
INSERT INTO ACCOUNTSTACKCD (ACCOUNTSTACKCDID, ACCOUNTSTACKID, CREDITDEBITNUMBER, CREDITDEBITNAME, CREDITDEBITVALUE, CREDITDEBITTAXTNAME, CREDITDEBITTYPE, CREATEDFROM, CREATEDDATE) VALUES(2, NULL, '101', 'Concession', 10, 'VAT', 1, 'root', '2011-03-21');
INSERT INTO ACCOUNTSTACKCD (ACCOUNTSTACKCDID, ACCOUNTSTACKID, CREDITDEBITNUMBER, CREDITDEBITNAME, CREDITDEBITVALUE, CREDITDEBITTAXTNAME, CREDITDEBITTYPE, CREATEDFROM, CREATEDDATE) VALUES(3, NULL, '102', 'License Contracts', 10, 'VAT', 1, 'root', '2011-03-21');
INSERT INTO ACCOUNTSTACKCD (ACCOUNTSTACKCDID, ACCOUNTSTACKID, CREDITDEBITNUMBER, CREDITDEBITNAME, CREDITDEBITVALUE, CREDITDEBITTAXTNAME, CREDITDEBITTYPE, CREATEDFROM, CREATEDDATE) VALUES(4, NULL, '103', 'Company values', 10, 'VAT', 1, 'root', '2011-03-21');
INSERT INTO ACCOUNTSTACKCD (ACCOUNTSTACKCDID, ACCOUNTSTACKID, CREDITDEBITNUMBER, CREDITDEBITNAME, CREDITDEBITVALUE, CREDITDEBITTAXTNAME, CREDITDEBITTYPE, CREATEDFROM, CREATEDDATE) VALUES(5, NULL, '104', 'Building', 10, 'VAT', 1, 'root', '2011-03-21');
INSERT INTO ACCOUNTSTACKCD (ACCOUNTSTACKCDID, ACCOUNTSTACKID, CREDITDEBITNUMBER, CREDITDEBITNAME, CREDITDEBITVALUE, CREDITDEBITTAXTNAME, CREDITDEBITTYPE, CREATEDFROM, CREATEDDATE) VALUES(6, NULL, '105', 'Garage', 0, 'Please select', 1, 'root', '2011-03-21');
INSERT INTO ACCOUNTSTACKCD (ACCOUNTSTACKCDID, ACCOUNTSTACKID, CREDITDEBITNUMBER, CREDITDEBITNAME, CREDITDEBITVALUE, CREDITDEBITTAXTNAME, CREDITDEBITTYPE, CREATEDFROM, CREATEDDATE) VALUES(7, NULL, '106', 'Mashine', 10, 'VAT', 1, 'root', '2011-03-21');
INSERT INTO ACCOUNTSTACKCD (ACCOUNTSTACKCDID, ACCOUNTSTACKID, CREDITDEBITNUMBER, CREDITDEBITNAME, CREDITDEBITVALUE, CREDITDEBITTAXTNAME, CREDITDEBITTYPE, CREATEDFROM, CREATEDDATE) VALUES(8, NULL, '107', 'Equipment', 10, 'VAT', 1, 'root', '2011-03-21');
INSERT INTO ACCOUNTSTACKCD (ACCOUNTSTACKCDID, ACCOUNTSTACKID, CREDITDEBITNUMBER, CREDITDEBITNAME, CREDITDEBITVALUE, CREDITDEBITTAXTNAME, CREDITDEBITTYPE, CREATEDFROM, CREATEDDATE) VALUES(9, NULL, '108', 'Cars', 10, 'VAT', 1, 'root', '2011-03-21');
INSERT INTO ACCOUNTSTACKCD (ACCOUNTSTACKCDID, ACCOUNTSTACKID, CREDITDEBITNUMBER, CREDITDEBITNAME, CREDITDEBITVALUE, CREDITDEBITTAXTNAME, CREDITDEBITTYPE, CREATEDFROM, CREATEDDATE) VALUES(10, NULL, '109', 'Truck', 10, 'VAT', 1, 'root', '2011-03-21');
INSERT INTO ACCOUNTSTACKCD (ACCOUNTSTACKCDID, ACCOUNTSTACKID, CREDITDEBITNUMBER, CREDITDEBITNAME, CREDITDEBITVALUE, CREDITDEBITTAXTNAME, CREDITDEBITTYPE, CREATEDFROM, CREATEDDATE) VALUES(11, NULL, '110', 'Provision', 10, 'VAT', 1, 'root', '2011-03-21');
INSERT INTO ACCOUNTSTACKCD (ACCOUNTSTACKCDID, ACCOUNTSTACKID, CREDITDEBITNUMBER, CREDITDEBITNAME, CREDITDEBITVALUE, CREDITDEBITTAXTNAME, CREDITDEBITTYPE, CREATEDFROM, CREATEDDATE) VALUES(12, NULL, '111', 'Office Equipment', 10, 'VAT', 1, 'root', '2011-03-21');
INSERT INTO ACCOUNTSTACKCD (ACCOUNTSTACKCDID, ACCOUNTSTACKID, CREDITDEBITNUMBER, CREDITDEBITNAME, CREDITDEBITVALUE, CREDITDEBITTAXTNAME, CREDITDEBITTYPE, CREATEDFROM, CREATEDDATE) VALUES(13, NULL, '112', 'Tools', 10, 'VAT', 1, 'root', '2011-03-21');
INSERT INTO ACCOUNTSTACKCD (ACCOUNTSTACKCDID, ACCOUNTSTACKID, CREDITDEBITNUMBER, CREDITDEBITNAME, CREDITDEBITVALUE, CREDITDEBITTAXTNAME, CREDITDEBITTYPE, CREATEDFROM, CREATEDDATE) VALUES(14, NULL, '113', 'Shareholdings', 0, 'Please select', 1, 'root', '2011-03-21');
INSERT INTO ACCOUNTSTACKCD (ACCOUNTSTACKCDID, ACCOUNTSTACKID, CREDITDEBITNUMBER, CREDITDEBITNAME, CREDITDEBITVALUE, CREDITDEBITTAXTNAME, CREDITDEBITTYPE, CREATEDFROM, CREATEDDATE) VALUES(15, NULL, '114', 'Loan Credit', 0, 'Please select', 2, 'root', '2011-03-21');
INSERT INTO ACCOUNTSTACKCD (ACCOUNTSTACKCDID, ACCOUNTSTACKID, CREDITDEBITNUMBER, CREDITDEBITNAME, CREDITDEBITVALUE, CREDITDEBITTAXTNAME, CREDITDEBITTYPE, CREATEDFROM, CREATEDDATE) VALUES(16, NULL, '115', 'Loan Debit', 0, 'Please select', 1, 'root', '2011-03-21');
INSERT INTO ACCOUNTSTACKCD (ACCOUNTSTACKCDID, ACCOUNTSTACKID, CREDITDEBITNUMBER, CREDITDEBITNAME, CREDITDEBITVALUE, CREDITDEBITTAXTNAME, CREDITDEBITTYPE, CREATEDFROM, CREATEDDATE) VALUES(17, NULL, '116', 'Assets', 0, 'Please select', 1, 'root', '2011-03-21');
INSERT INTO ACCOUNTSTACKCD (ACCOUNTSTACKCDID, ACCOUNTSTACKID, CREDITDEBITNUMBER, CREDITDEBITNAME, CREDITDEBITVALUE, CREDITDEBITTAXTNAME, CREDITDEBITTYPE, CREATEDFROM, CREATEDDATE) VALUES(18, NULL, '117', 'Progress payent 10% VAT', 10, 'VAT', 1, 'root', '2011-03-21');
INSERT INTO ACCOUNTSTACKCD (ACCOUNTSTACKCDID, ACCOUNTSTACKID, CREDITDEBITNUMBER, CREDITDEBITNAME, CREDITDEBITVALUE, CREDITDEBITTAXTNAME, CREDITDEBITTYPE, CREATEDFROM, CREATEDDATE) VALUES(19, NULL, '118', 'Money transit', 0, 'Please select', 1, 'root', '2011-03-21');
INSERT INTO ACCOUNTSTACKCD (ACCOUNTSTACKCDID, ACCOUNTSTACKID, CREDITDEBITNUMBER, CREDITDEBITNAME, CREDITDEBITVALUE, CREDITDEBITTAXTNAME, CREDITDEBITTYPE, CREATEDFROM, CREATEDDATE) VALUES(20, NULL, '119', 'Subscriptions', 0, 'Please select', 2, 'root', '2011-03-21');
INSERT INTO ACCOUNTSTACKCD (ACCOUNTSTACKCDID, ACCOUNTSTACKID, CREDITDEBITNUMBER, CREDITDEBITNAME, CREDITDEBITVALUE, CREDITDEBITTAXTNAME, CREDITDEBITTYPE, CREATEDFROM, CREATEDDATE) VALUES(21, NULL, '120', 'Check', 0, 'Please select', 2, 'root', '2011-03-21');
INSERT INTO ACCOUNTSTACKCD (ACCOUNTSTACKCDID, ACCOUNTSTACKID, CREDITDEBITNUMBER, CREDITDEBITNAME, CREDITDEBITVALUE, CREDITDEBITTAXTNAME, CREDITDEBITTYPE, CREATEDFROM, CREATEDDATE) VALUES(22, NULL, '121', 'Cashbox', 0, 'Please select', 1, 'root', '2011-03-21');
INSERT INTO ACCOUNTSTACKCD (ACCOUNTSTACKCDID, ACCOUNTSTACKID, CREDITDEBITNUMBER, CREDITDEBITNAME, CREDITDEBITVALUE, CREDITDEBITTAXTNAME, CREDITDEBITTYPE, CREATEDFROM, CREATEDDATE) VALUES(23, NULL, '122', 'Bank 1', 100, 'Please select', 3, 'root', '2011-03-21');
INSERT INTO ACCOUNTSTACKCD (ACCOUNTSTACKCDID, ACCOUNTSTACKID, CREDITDEBITNUMBER, CREDITDEBITNAME, CREDITDEBITVALUE, CREDITDEBITTAXTNAME, CREDITDEBITTYPE, CREATEDFROM, CREATEDDATE) VALUES(24, NULL, '123', 'Bank 2', 100, 'Please select', 3, 'root', '2011-03-21');
INSERT INTO ACCOUNTSTACKCD (ACCOUNTSTACKCDID, ACCOUNTSTACKID, CREDITDEBITNUMBER, CREDITDEBITNAME, CREDITDEBITVALUE, CREDITDEBITTAXTNAME, CREDITDEBITTYPE, CREATEDFROM, CREATEDDATE) VALUES(25, NULL, '124', 'Stocks', 0, 'Please select', 1, 'root', '2011-03-21');
INSERT INTO ACCOUNTSTACKCD (ACCOUNTSTACKCDID, ACCOUNTSTACKID, CREDITDEBITNUMBER, CREDITDEBITNAME, CREDITDEBITVALUE, CREDITDEBITTAXTNAME, CREDITDEBITTYPE, CREATEDFROM, CREATEDDATE) VALUES(26, NULL, '125', 'VAT 10%', 10, 'VAT', 1, 'root', '2011-03-21');
INSERT INTO ACCOUNTSTACKCD (ACCOUNTSTACKCDID, ACCOUNTSTACKID, CREDITDEBITNUMBER, CREDITDEBITNAME, CREDITDEBITVALUE, CREDITDEBITTAXTNAME, CREDITDEBITTYPE, CREATEDFROM, CREATEDDATE) VALUES(27, NULL, '126', 'Revenues', 10, 'VAT', 2, 'root', '2011-03-21');
INSERT INTO ACCOUNTSTACKCD (ACCOUNTSTACKCDID, ACCOUNTSTACKID, CREDITDEBITNUMBER, CREDITDEBITNAME, CREDITDEBITVALUE, CREDITDEBITTAXTNAME, CREDITDEBITTYPE, CREATEDFROM, CREATEDDATE) VALUES(28, NULL, '127', 'Revenues others', 10, 'VAT', 2, 'root', '2011-03-21');
INSERT INTO ACCOUNTSTACKCD (ACCOUNTSTACKCDID, ACCOUNTSTACKID, CREDITDEBITNUMBER, CREDITDEBITNAME, CREDITDEBITVALUE, CREDITDEBITTAXTNAME, CREDITDEBITTYPE, CREATEDFROM, CREATEDDATE) VALUES(29, NULL, '128', 'Provision', 10, 'VAT', 2, 'root', '2011-03-21');
INSERT INTO ACCOUNTSTACKCD (ACCOUNTSTACKCDID, ACCOUNTSTACKID, CREDITDEBITNUMBER, CREDITDEBITNAME, CREDITDEBITVALUE, CREDITDEBITTAXTNAME, CREDITDEBITTYPE, CREATEDFROM, CREATEDDATE) VALUES(30, NULL, '129', 'Withdraw', 0, 'Please select', 1, 'root', '2011-03-21');
INSERT INTO ACCOUNTSTACKCD (ACCOUNTSTACKCDID, ACCOUNTSTACKID, CREDITDEBITNUMBER, CREDITDEBITNAME, CREDITDEBITVALUE, CREDITDEBITTAXTNAME, CREDITDEBITTYPE, CREATEDFROM, CREATEDDATE) VALUES(31, NULL, '130', 'Allowance', 0, 'Please select', 1, 'root', '2011-03-21');
INSERT INTO ACCOUNTSTACKCD (ACCOUNTSTACKCDID, ACCOUNTSTACKID, CREDITDEBITNUMBER, CREDITDEBITNAME, CREDITDEBITVALUE, CREDITDEBITTAXTNAME, CREDITDEBITTYPE, CREATEDFROM, CREATEDDATE) VALUES(32, NULL, '131', 'Become Allowance', 0, 'Please select', 2, 'root', '2011-03-21');
INSERT INTO ACCOUNTSTACKCD (ACCOUNTSTACKCDID, ACCOUNTSTACKID, CREDITDEBITNUMBER, CREDITDEBITNAME, CREDITDEBITVALUE, CREDITDEBITTAXTNAME, CREDITDEBITTYPE, CREATEDFROM, CREATEDDATE) VALUES(33, NULL, '132', 'Salaries', 0, 'Please select', 1, 'root', '2011-03-21');
INSERT INTO ACCOUNTSTACKCD (ACCOUNTSTACKCDID, ACCOUNTSTACKID, CREDITDEBITNUMBER, CREDITDEBITNAME, CREDITDEBITVALUE, CREDITDEBITTAXTNAME, CREDITDEBITTYPE, CREATEDFROM, CREATEDDATE) VALUES(34, NULL, '133', 'Stipend', 0, 'Please select', 1, 'root', '2011-03-21');
INSERT INTO ACCOUNTSTACKCD (ACCOUNTSTACKCDID, ACCOUNTSTACKID, CREDITDEBITNUMBER, CREDITDEBITNAME, CREDITDEBITVALUE, CREDITDEBITTAXTNAME, CREDITDEBITTYPE, CREATEDFROM, CREATEDDATE) VALUES(35, NULL, '134', 'Small Stipend', 0, 'Please select', 1, 'root', '2011-03-21');
INSERT INTO ACCOUNTSTACKCD (ACCOUNTSTACKCDID, ACCOUNTSTACKID, CREDITDEBITNUMBER, CREDITDEBITNAME, CREDITDEBITVALUE, CREDITDEBITTAXTNAME, CREDITDEBITTYPE, CREATEDFROM, CREATEDDATE) VALUES(36, NULL, '135', 'Social Exeption', 0, 'Please select', 1, 'root', '2011-03-21');
INSERT INTO ACCOUNTSTACKCD (ACCOUNTSTACKCDID, ACCOUNTSTACKID, CREDITDEBITNUMBER, CREDITDEBITNAME, CREDITDEBITVALUE, CREDITDEBITTAXTNAME, CREDITDEBITTYPE, CREATEDFROM, CREATEDDATE) VALUES(37, NULL, '136', 'Capital Consumption', 0, 'Please select', 1, 'root', '2011-03-21');
INSERT INTO ACCOUNTSTACKCD (ACCOUNTSTACKCDID, ACCOUNTSTACKID, CREDITDEBITNUMBER, CREDITDEBITNAME, CREDITDEBITVALUE, CREDITDEBITTAXTNAME, CREDITDEBITTYPE, CREATEDFROM, CREATEDDATE) VALUES(38, NULL, '137', 'Extra Consumption', 0, 'Please select', 1, 'root', '2011-03-21');
INSERT INTO ACCOUNTSTACKCD (ACCOUNTSTACKCDID, ACCOUNTSTACKID, CREDITDEBITNUMBER, CREDITDEBITNAME, CREDITDEBITVALUE, CREDITDEBITTAXTNAME, CREDITDEBITTYPE, CREATEDFROM, CREATEDDATE) VALUES(39, NULL, '138', 'Leasing', 10, 'VAT', 1, 'root', '2011-03-21');
INSERT INTO ACCOUNTSTACKCD (ACCOUNTSTACKCDID, ACCOUNTSTACKID, CREDITDEBITNUMBER, CREDITDEBITNAME, CREDITDEBITVALUE, CREDITDEBITTAXTNAME, CREDITDEBITTYPE, CREATEDFROM, CREATEDDATE) VALUES(40, NULL, '139', 'Occupancy cost', 0, 'Please select', 1, 'root', '2011-03-21');
INSERT INTO ACCOUNTSTACKCD (ACCOUNTSTACKCDID, ACCOUNTSTACKID, CREDITDEBITNUMBER, CREDITDEBITNAME, CREDITDEBITVALUE, CREDITDEBITTAXTNAME, CREDITDEBITTYPE, CREATEDFROM, CREATEDDATE) VALUES(41, NULL, '140', 'Occupancy VAT 10%', 10, 'VAT', 1, 'root', '2011-03-21');
INSERT INTO ACCOUNTSTACKCD (ACCOUNTSTACKCDID, ACCOUNTSTACKID, CREDITDEBITNUMBER, CREDITDEBITNAME, CREDITDEBITVALUE, CREDITDEBITTAXTNAME, CREDITDEBITTYPE, CREATEDFROM, CREATEDDATE) VALUES(42, NULL, '141', 'Gas, Current, Water', 10, 'VAT', 1, 'root', '2011-03-21');
INSERT INTO ACCOUNTSTACKCD (ACCOUNTSTACKCDID, ACCOUNTSTACKID, CREDITDEBITNUMBER, CREDITDEBITNAME, CREDITDEBITVALUE, CREDITDEBITTAXTNAME, CREDITDEBITTYPE, CREATEDFROM, CREATEDDATE) VALUES(43, NULL, '142', 'Car cost', 10, 'VAT', 1, 'root', '2011-03-21');
INSERT INTO ACCOUNTSTACKCD (ACCOUNTSTACKCDID, ACCOUNTSTACKID, CREDITDEBITNUMBER, CREDITDEBITNAME, CREDITDEBITVALUE, CREDITDEBITTAXTNAME, CREDITDEBITTYPE, CREATEDFROM, CREATEDDATE) VALUES(44, NULL, '143', 'Car repairs', 10, 'VAT', 1, 'root', '2011-03-21');
INSERT INTO ACCOUNTSTACKCD (ACCOUNTSTACKCDID, ACCOUNTSTACKID, CREDITDEBITNUMBER, CREDITDEBITNAME, CREDITDEBITVALUE, CREDITDEBITTAXTNAME, CREDITDEBITTYPE, CREATEDFROM, CREATEDDATE) VALUES(45, NULL, '144', 'Extra Car cost', 0, 'Please select', 1, 'root', '2011-03-21');
INSERT INTO ACCOUNTSTACKCD (ACCOUNTSTACKCDID, ACCOUNTSTACKID, CREDITDEBITNUMBER, CREDITDEBITNAME, CREDITDEBITVALUE, CREDITDEBITTAXTNAME, CREDITDEBITTYPE, CREATEDFROM, CREATEDDATE) VALUES(46, NULL, '145', 'Charge cost', 10, 'VAT', 1, 'root', '2011-03-21');
INSERT INTO ACCOUNTSTACKCD (ACCOUNTSTACKCDID, ACCOUNTSTACKID, CREDITDEBITNUMBER, CREDITDEBITNAME, CREDITDEBITVALUE, CREDITDEBITTAXTNAME, CREDITDEBITTYPE, CREATEDFROM, CREATEDDATE) VALUES(47, NULL, '146', 'Marketing costs', 10, 'VAT', 1, 'root', '2011-03-21');
INSERT INTO ACCOUNTSTACKCD (ACCOUNTSTACKCDID, ACCOUNTSTACKID, CREDITDEBITNUMBER, CREDITDEBITNAME, CREDITDEBITVALUE, CREDITDEBITTAXTNAME, CREDITDEBITTYPE, CREATEDFROM, CREATEDDATE) VALUES(48, NULL, '147', 'entertainment expenses', 10, 'VAT', 1, 'root', '2011-03-21');
INSERT INTO ACCOUNTSTACKCD (ACCOUNTSTACKCDID, ACCOUNTSTACKID, CREDITDEBITNUMBER, CREDITDEBITNAME, CREDITDEBITVALUE, CREDITDEBITTAXTNAME, CREDITDEBITTYPE, CREATEDFROM, CREATEDDATE) VALUES(49, NULL, '148', 'travel costs', 0, 'Please select', 1, 'root', '2011-03-21');
INSERT INTO ACCOUNTSTACKCD (ACCOUNTSTACKCDID, ACCOUNTSTACKID, CREDITDEBITNUMBER, CREDITDEBITNAME, CREDITDEBITVALUE, CREDITDEBITTAXTNAME, CREDITDEBITTYPE, CREATEDFROM, CREATEDDATE) VALUES(50, NULL, '149', 'Postage', 10, 'VAT', 1, 'root', '2011-03-21');
INSERT INTO ACCOUNTSTACKCD (ACCOUNTSTACKCDID, ACCOUNTSTACKID, CREDITDEBITNUMBER, CREDITDEBITNAME, CREDITDEBITVALUE, CREDITDEBITTAXTNAME, CREDITDEBITTYPE, CREATEDFROM, CREATEDDATE) VALUES(51, NULL, '150', 'telephone costs', 10, 'VAT', 1, 'root', '2011-03-21');
INSERT INTO ACCOUNTSTACKCD (ACCOUNTSTACKCDID, ACCOUNTSTACKID, CREDITDEBITNUMBER, CREDITDEBITNAME, CREDITDEBITVALUE, CREDITDEBITTAXTNAME, CREDITDEBITTYPE, CREATEDFROM, CREATEDDATE) VALUES(52, NULL, '151', 'telephone and internet costs', 10, 'VAT', 1, 'root', '2011-03-21');
INSERT INTO ACCOUNTSTACKCD (ACCOUNTSTACKCDID, ACCOUNTSTACKID, CREDITDEBITNUMBER, CREDITDEBITNAME, CREDITDEBITVALUE, CREDITDEBITTAXTNAME, CREDITDEBITTYPE, CREATEDFROM, CREATEDDATE) VALUES(53, NULL, '152', 'office supplies', 10, 'VAT', 1, 'root', '2011-03-21');
INSERT INTO ACCOUNTSTACKCD (ACCOUNTSTACKCDID, ACCOUNTSTACKID, CREDITDEBITNUMBER, CREDITDEBITNAME, CREDITDEBITVALUE, CREDITDEBITTAXTNAME, CREDITDEBITTYPE, CREATEDFROM, CREATEDDATE) VALUES(54, NULL, '153', 'magazine cost', 10, 'VAT', 1, 'root', '2011-03-21');
INSERT INTO ACCOUNTSTACKCD (ACCOUNTSTACKCDID, ACCOUNTSTACKID, CREDITDEBITNUMBER, CREDITDEBITNAME, CREDITDEBITVALUE, CREDITDEBITTAXTNAME, CREDITDEBITTYPE, CREATEDFROM, CREATEDDATE) VALUES(55, NULL, '154', 'accounting cost', 10, 'VAT', 1, 'root', '2011-03-21');
INSERT INTO ACCOUNTSTACKCD (ACCOUNTSTACKCDID, ACCOUNTSTACKID, CREDITDEBITNUMBER, CREDITDEBITNAME, CREDITDEBITVALUE, CREDITDEBITTAXTNAME, CREDITDEBITTYPE, CREATEDFROM, CREATEDDATE) VALUES(56, NULL, '155', 'additional expenses', 0, 'Please select', 1, 'root', '2011-03-21');
INSERT INTO ACCOUNTSTACKCD (ACCOUNTSTACKCDID, ACCOUNTSTACKID, CREDITDEBITNUMBER, CREDITDEBITNAME, CREDITDEBITVALUE, CREDITDEBITTAXTNAME, CREDITDEBITTYPE, CREATEDFROM, CREATEDDATE) VALUES(57, NULL, '156', 'Addition tax', 0, 'Please select', 1, 'root', '2011-03-21');
INSERT INTO ACCOUNTSTACKCD (ACCOUNTSTACKCDID, ACCOUNTSTACKID, CREDITDEBITNUMBER, CREDITDEBITNAME, CREDITDEBITVALUE, CREDITDEBITTAXTNAME, CREDITDEBITTYPE, CREATEDFROM, CREATEDDATE) VALUES(58, NULL, '157', 'Car Tax', 0, 'Please select', 1, 'root', '2011-03-21');
INSERT INTO ACCOUNTSTACKCD (ACCOUNTSTACKCDID, ACCOUNTSTACKID, CREDITDEBITNUMBER, CREDITDEBITNAME, CREDITDEBITVALUE, CREDITDEBITTAXTNAME, CREDITDEBITTYPE, CREATEDFROM, CREATEDDATE) VALUES(59, NULL, '158', 'Tax', 0, 'Please select', 1, 'root', '2011-03-21');

